uid,dataset,rough_box_dice,rough_otsu_dice,cover_otsu,cover_box,ref_box_dice,ref_otsu_dice
busi_c4322390d6,busi,0.7883650952858575,0.796191247974068,1.0,1.0,0.9295165394402035,0.9304159776109909
busi_a3108459ab,busi,0.8830046948356808,0.8788694481830417,0.8276299112801014,0.9932403886776511,0.9253339172323188,0.9081722319859402
busi_6ca345f4b1,busi,0.8070276830607409,0.863441603317208,0.8256674596880782,0.9228125826063971,0.9404801936915731,0.9041710665258712
busi_9460d57994,busi,0.775879917184265,0.845834294945765,0.7471967380224261,0.9168195718654434,0.9199602780536247,0.9371488033298647
busi_bd7080a2a6,busi,0.7792079207920792,0.8046168243735052,0.6833274461321088,0.8339809254680325,0.8490816133308086,0.8903888202300599
busi_5f2389aed3,busi,0.9058552125672855,0.8422797398954481,0.7661795407098121,0.9563906286244491,0.941662673694298,0.9393183707398172
busi_7432afad2c,busi,0.8349155116764762,0.9192613851735528,0.9381078691423519,0.9720380194518126,0.9374516521162559,0.9095657110417258
busi_98197bf517,busi,0.8604329801934593,0.8800959232613909,0.7858672376873662,1.0,0.9482948294829483,0.956997084548105
busi_4e9b7d897c,busi,0.8439497010925582,0.9011160134959771,0.8427184466019417,0.9936893203883496,0.9194528875379939,0.944638403990025
busi_11c694f20f,busi,0.8120072771376592,0.8032786885245902,0.9477077363896849,0.9591690544412608,0.9034289713086074,0.9096660808435852
busi_dcf573aebc,busi,0.8697385910500665,0.9208603646931216,0.8767048554282597,0.9944275582573455,0.9518980402905304,0.9581195231704429
busi_25d8683937,busi,0.8211228782823153,0.9154631912645298,0.9183745583038869,1.0,0.9478481012658228,0.9365026595744681
busi_a2e0eb1c41,busi,0.7801857585139319,0.8948557089084065,0.9433862433862434,1.0,0.8579908675799087,0.8581157775255391
busi_0d51c07bd5,busi,0.721624780829924,0.8323042539490132,0.7196855551916148,0.8088437602358336,0.8177607199576495,0.828341805193021
busi_3aa2ecd082,busi,0.8218697529383545,0.8204061475839157,1.0,1.0,0.9061038295621705,0.9095464047516342
busi_f89428ed30,busi,0.856289369439574,0.858056025568716,0.8550659472422062,0.9881594724220624,0.9231224565297818,0.9160376346009372
busi_42f20b000b,busi,0.8071790688188334,0.8965614166588588,0.9210703628838194,1.0,0.9096812278630461,0.9182375228027504
busi_e236c55059,busi,0.7411107846018219,0.8688783570300158,0.9326897991129663,0.9869553874249934,0.8601240162175053,0.8564359351988218
busi_5297c4215c,busi,0.8885185044888064,0.8953227706219841,0.9905834874726753,0.9860433832184294,0.8412212999368963,0.8449939393939394
busi_b5c3b1d7df,busi,0.8287276746756647,0.8840943301555444,0.8583756698448047,0.9913703110863665,0.936173014253267,0.929541175304727
busi_16e7d3f1d9,busi,0.8530389839336512,0.886455222111601,0.8592041172686334,0.9783567686793493,0.8728045266191288,0.917633765683482
busi_6b1c7c6449,busi,0.7545981772990886,0.8898708361658736,0.8623188405797102,1.0,0.8757776856076317,0.8801505546751188
busi_b83f3d49c5,busi,0.8313545257244989,0.8755082890209571,0.8445986722993362,0.9824984912492456,0.921343146274149,0.9129334722428933
busi_929cf0f851,busi,0.7655172413793103,0.7848003101977511,0.9990128331688055,0.9861796643632774,0.9226277372262773,0.9196515004840271
busi_cb24e22b98,busi,0.843765903307888,0.8449445461397652,0.8576893649579189,0.9967209531096295,0.9229294274300932,0.9221008840353614
busi_034a4514ed,busi,0.8460094256484922,0.8561729250381045,0.8374519990964536,0.9975152473458324,0.9438917089678511,0.9510563218917556
busi_1541b9855b,busi,0.8313761608719011,0.8487962035787365,0.8065530365712394,0.896243587622042,0.8931899641577061,0.8817729534147445
busi_7142c7617d,busi,0.7713237093222413,0.8080173871045642,0.8475177304964538,0.9981003039513677,0.8760686180150598,0.875756004838431
busi_328c7cf02a,busi,0.8306235726493141,0.8953350579988317,0.9731867493922571,0.9963354014730961,0.9117159527914069,0.92271868869291
busi_884f21854c,busi,0.8718152962332694,0.8728486593050399,0.9703912868091973,0.9713056339922012,0.935495721030218,0.9318197416644933
busi_702d535cb8,busi,0.8533908007273217,0.8574817827486867,0.9889766241888828,0.9906965835352982,0.9261951463405254,0.9295351167990131
busi_7ad36ab93e,busi,0.7728397718713009,0.819357530246141,0.7992403689636463,0.9742268041237113,0.9167399221398971,0.910025706940874
busi_fb599a827f,busi,0.876150888496311,0.7504829362524147,0.6593126856173102,0.9936359779380568,0.9329532661029535,0.8389241948891213
busi_26b35ce6c2,busi,0.8432657926102503,0.8632668144863267,0.8254416961130742,1.0,0.9212121212121213,0.9045337265020272
busi_4058304b16,busi,0.8304585612116113,0.8512624655208997,0.9690821256038648,0.9536231884057971,0.9306142750559562,0.930736997781612
busi_dc9eed528c,busi,0.8055546124333685,0.9146566090693798,0.8661129568106313,0.9852990033222592,0.9183766153338012,0.9219014543086608
busi_de9fa69171,busi,0.8876350297822697,0.8274325395740493,0.7618819857013392,0.9959973819353539,0.8881618002346932,0.8893927390936159
busi_1af81235cf,busi,0.8725516501207405,0.9314230521571153,0.8776418242491657,0.9865507129133381,0.9457696121927032,0.9391022393352924
busi_0e203e8363,busi,0.7957181378122868,0.8257488791180229,0.7782631772343118,1.0,0.9557853171922898,0.933448343139973
busi_8c1f838d6c,busi,0.7882345268375399,0.8324961360123647,0.7130564289260302,1.0,0.9356624005534417,0.9252539282923865
busi_cfd961e96d,busi,0.870499419279907,0.9105774144098109,0.8769685039370079,0.9835958005249343,0.932529335071708,0.9382040553588671
busi_6d2d131466,busi,0.8681623392992186,0.87,0.9767964071856288,0.9666916167664671,0.9553728171486648,0.9539461467038068
busi_873f42e663,busi,0.872533308914427,0.939423272875484,0.9588663546541861,0.9910036401456058,0.9483292000102268,0.9571326384631106
busi_22d1a239ff,busi,0.8396665432382935,0.7350848827809215,0.6497784764899243,0.9992615882997475,0.9404428035547351,0.8613064791133845
busi_888dc0e64a,busi,0.8043862875961252,0.7144728647209158,0.5822598711845421,0.8036964435732288,0.7853892560792307,0.7741770751324553
busi_62445ce52f,busi,0.6891981444665342,0.7785145520628138,0.9303713527851459,1.0,0.763983777457198,0.8225899083823328
busi_31157c7321,busi,0.5693002724419768,0.6519689406544648,0.8525838621940163,0.9977636748262315,0.7171166318813259,0.751715213516615
busi_31341a9960,busi,0.8705629543163368,0.926732499963534,0.9598150889808744,0.991479590295193,0.9481538507091464,0.9525735725172939
busi_6e82f75987,busi,0.8906495629755392,0.912425525805757,0.8701396495071194,0.96960569550931,0.8999550126310689,0.9222772622619131
busi_f5cba98f1d,busi,0.8051712080721297,0.6793845669539212,0.6694377021085202,1.0,0.9314911411995365,0.8131592121389978
busi_70e63630b2,busi,0.8457229163806124,0.8684620118000507,0.7790693898756372,1.0,0.9558565337346375,0.9111717837763582
busi_d6ece3a2e2,busi,0.849344333083339,0.9047593410143211,0.895454787659189,0.9956839132519849,0.9663569023569023,0.9689467168857165
busi_21ebb876bc,busi,0.8431068820535517,0.7767637259162683,0.6684118673647469,0.949887808526552,0.9004421814283801,0.8877033181522447
busi_7a078fba05,busi,0.7125938415833635,0.93401389181225,1.0,1.0,0.8562903541381335,0.8825177624337036
busi_a262591d26,busi,0.8639571139434385,0.9416488569393174,0.904116403432409,0.9820917796293993,0.9545176671964788,0.9564634146341463
busi_b7e3e20601,busi,0.8608548462854155,0.9608401457395671,0.9649072460797377,0.9955724095521165,0.9557803796748892,0.9734349494172324
busi_1e01f78c06,busi,0.7689016589417168,0.8298975721767847,0.8014251544747857,0.9134442894159857,0.8565112117064955,0.8310559947465461
busi_c9ddf3ff26,busi,0.857527633972296,0.8170429212848127,0.7726399968328748,0.970525940735169,0.9396539540893581,0.8967786412634745
busi_086f5ac9a7,busi,0.6710462254650225,0.6298432802512905,0.4634010334700554,0.6234030161464207,0.6698262734251174,0.6266753567966844
busi_55fa62f005,busi,0.8499570604833763,0.7499112441040726,0.6000324648973298,0.8434380326272218,0.846278242387839,0.8131868131868132
busi_f8c677f4cb,busi,0.9043756145526057,0.8297111416781293,0.7334630350194552,0.8946984435797666,0.8435699226985243,0.8338060124787294
busi_93193f654b,busi,0.8425636953941213,0.873553348408087,0.7885589278947187,0.9231060736555621,0.8922524558493867,0.9009085773031648
busi_7dcb196d66,busi,0.8430771517211911,0.8696268253496835,0.8833929454185931,0.9897496292419088,0.908635336266361,0.9082369839441387
busi_9289e3083c,busi,0.8233624011356723,0.6945736434108527,0.5358851674641149,0.8446016226336592,0.8061561011359473,0.7781625842201373
busi_6ecd547c0d,busi,0.7612732398224129,0.7824788902291918,0.7761127063890882,0.9975771715721464,0.876169510181618,0.8766680648117942
busi_a3204ccbe7,busi,0.7130265726725427,0.7754709605164453,0.7918266948603979,0.9416993915332499,0.8511093117408907,0.8580569119380367
busi_e760baac79,busi,0.7971621142249025,0.8834630176191753,0.8506717189114709,0.9676197037547365,0.888339222614841,0.8675247351370283
busi_d7a8d6043b,busi,0.6276738711748342,0.6290555155010815,0.9994817804931267,1.0,0.8102714667461838,0.8101776594150267
busi_1b904e1d39,busi,0.6084664220909031,0.8277874630485864,0.7885767925481985,1.0,0.7873311317922546,0.838673285198556
busi_0cc200cd76,busi,0.5874310829338494,0.5363697980208757,0.6492943879225468,0.9913357400722022,0.6709281279354824,0.736468261104118
busi_bad20acd54,busi,0.8022738896101341,0.8369734583388353,0.7569504155918602,0.9741568739849049,0.8846770810197182,0.9087674714104194
busi_1cd1fff51b,busi,0.6591290974852618,0.7047856310523567,0.7416490486257928,0.9786046511627907,0.8307578497451915,0.8236478595304256
busi_daf74cbea5,busi,0.5849527261147462,0.7350049492001784,0.9287880751782243,1.0,0.7406662737893022,0.7540178659462444
busi_d083e06533,busi,0.7704366885227631,0.8962114282963463,0.8740785952392132,0.9737076858068454,0.8476691369830265,0.8680665005846764
busi_ff6b3c8040,busi,0.7807192104363907,0.8344173576287175,0.800628840931828,0.9251584012195703,0.8046351525343564,0.8604339535123434
busi_e0e8a1f5f7,busi,0.8052834864683163,0.9212420459682187,0.8674044002095338,1.0,0.9395087809834056,0.9288236213091704
busi_e77460c93f,busi,0.77148069458938,0.574364975387629,0.4385184609707305,0.9979412278827665,0.8963698740182782,0.7218313946739106
ddti_98ad2517b3,ddti,0.6419699595609474,0.19773095623987033,0.20584926884139482,1.0,0.7307761732851985,0.5298049831501022
ddti_56e6cc05a6,ddti,0.8324987048868935,0.7826289439981372,0.6932755775577558,0.994430693069307,0.862964751327861,0.8258656820676579
ddti_c835c6acf9,ddti,0.7224688802331599,0.26648636466080683,0.2150756693830035,0.964930151338766,0.785808620482651,0.5723603405192496
ddti_d02b6359c9,ddti,0.8379417496181598,0.9152112165347193,0.9414397612831034,0.9890588089021509,0.9245679012345679,0.9455197132616487
ddti_c066535241,ddti,0.893909689860196,0.18283854312812167,0.10670072705836117,0.910918975568219,0.8566272168812689,0.3969535882232672
ddti_d9658bd3e1,ddti,0.7500471965263357,0.3056509522322822,0.23073297195380627,0.9363657789300024,0.7495004114258845,0.5550400674820751
ddti_b8dcef923d,ddti,0.7394637674881969,0.5378094649974737,0.39446594745944163,0.7029564358066376,0.7502663954276857,0.7141187827058884
ddti_22ffb08a0b,ddti,0.74332160851792,0.745858469788375,0.9835837858315444,0.9873721429473419,0.8456494772284247,0.8511381428399374
ddti_a517b62f3e,ddti,0.8710576923076923,0.6533864541832669,0.5535752862389285,0.9785050766904299,0.9321736221460233,0.7400831255195345
ddti_1b0bfd8a9f,ddti,0.8221027972991595,0.8274520700194499,0.8356952434404378,0.8370983583555494,0.8559201141226819,0.8313161875945537
ddti_cfa286754f,ddti,0.8266666666666667,0.7790003143665514,0.7513644633110976,0.9775621588841722,0.9040307101727447,0.8524590163934426
ddti_9a98bb878f,ddti,0.7903168068730982,0.750124750499002,0.6540134870567762,0.9605177289536654,0.9034281388558452,0.9038623891937526
ddti_ade13232ad,ddti,0.8726056552143509,0.8453209590100541,0.7390128465179175,0.9702501690331304,0.9301994301994302,0.9420849420849421
ddti_7c4903c6a3,ddti,0.7675036927621861,0.7278662420382166,0.599161095818587,0.6810853322847031,0.6955281483345919,0.7306333689312413
ddti_8c5641ea57,ddti,0.8073799306616238,0.8087452839315081,0.9529780564263323,0.9490453120547164,0.8599153334432899,0.8675581296312069
ddti_54dd2b4e84,ddti,0.8735659233982468,0.5945525291828794,0.4447031431897555,0.8642607683352735,0.8494702472179649,0.7613133476088508
ddti_6410446b09,ddti,0.8638100537933593,0.8034219999065028,0.7381034186565882,1.0,0.9302493349564904,0.9076062024038902
ddti_3ab69060ab,ddti,0.7694921653766282,0.5656003708854891,0.5616942909760589,0.9383057090239411,0.7721208239940228,0.6990266393442623
ddti_57c3f20a3d,ddti,0.7917936694021102,0.5561444186816826,0.4948423224285293,0.9952844090775125,0.9191378562129322,0.8249239147845587
ddti_91d165a82a,ddti,0.8697692608525616,0.8179623370352487,0.7326989619377162,0.9619377162629758,0.9103199639477242,0.8990081154192967
ddti_33e18d0483,ddti,0.8692417113469745,0.9266483187746799,0.9641434262948207,0.9890438247011952,0.9079524107701941,0.8960351285031641
ddti_1f952975a3,ddti,0.809406683064371,0.6710926694329183,0.5184499216412595,0.9611055705941017,0.841310562193066,0.8687222100736205
ddti_8afc9502ef,ddti,0.8177789713978784,0.8183284063423811,1.0,1.0,0.9033922907370572,0.9001713796058269
ddti_221272fd42,ddti,0.7945664309639002,0.8657510912381561,0.9522248243559719,1.0,0.924031007751938,0.9182220039292731
ddti_8de5d92d9d,ddti,0.7790151205557826,0.1311739261643698,0.08550819672131148,1.0,0.8623676612127045,0.45397178916109876
ddti_2fdfab30c9,ddti,0.7400366468163079,0.04986149584487535,0.030489682784108407,0.995072374499538,0.8487712665406427,0.26215644820295986
ddti_65ec60d09d,ddti,0.6358326756116811,0.7842242503259452,0.8959781529294936,1.0,0.8109417583526799,0.8372434017595308
ddti_489a74d797,ddti,0.832377894978216,0.7326091980587012,0.5797366495976591,0.9957937088514996,0.9286820293287185,0.8992263056092843
ddti_b40cf90f18,ddti,0.6013579049466538,0.5560024752475248,0.7225572979493365,0.9971853638922397,0.6910653430137799,0.6804903889813834
ddti_7c62604dba,ddti,0.8459723780948673,0.6951368192901652,0.5537390741340239,0.9964389770152153,0.8937207023491088,0.8913101564587478
ddti_4b8d19d7a1,ddti,0.84420675746108,0.0443435919254952,0.025178504321683576,1.0,0.9123955862637929,0.25927276041192016
ddti_8dad71b90d,ddti,0.6476614699331849,0.6371603856266433,1.0,1.0,0.7411996620670234,0.7446509009009009
ddti_a8736f35aa,ddti,0.8077640910787607,0.8080657206870799,0.8642172523961661,0.8642172523961661,0.8378825475599669,0.8336065573770491
ddti_5dfcfa97df,ddti,0.8696213852727814,0.6907837554323393,0.5942350332594235,0.9024905893879235,0.8568856885688569,0.7680973934758858
ddti_ad3b19cbcd,ddti,0.8165764739390488,0.12330524001465738,0.07824671549819788,1.0,0.9163987138263665,0.42671394799054374
ddti_e9be59c1a3,ddti,0.7552982666267425,0.22442516866308687,0.14359968284732622,1.0,0.8808340799869675,0.49475393454908817
ddti_3db3d34949,ddti,0.8243709916132215,0.8827714197339932,0.8357247437774524,0.9786237188872621,0.9116945107398569,0.9225382932166302
ddti_fd470c1032,ddti,0.8557953468786188,0.3904312288613303,0.2704245973645681,0.991849682772084,0.9248673029479927,0.5889404119743856
ddti_640c4f6df2,ddti,0.8518121524753802,0.7054464932078525,0.6099860078061713,0.9363723396420944,0.8714569768801903,0.824432363287496
ddti_c9d3b7aed1,ddti,0.8388050248073472,0.7480377580304969,0.6749656807687507,0.9916385872956446,0.8996329433356275,0.655689689293489
ddti_7ddf6c0f99,ddti,0.7886065899166336,0.22338665195808052,0.15290712308079538,1.0,0.8801976121860848,0.5342205323193916
ddti_7fdea6c059,ddti,0.6012094557449148,0.059904558838460756,0.05265036587542388,0.9759057647688738,0.7089085699400886,0.3923799205489346
ddti_a24384ffc8,ddti,0.7800547153254529,0.6017252261729434,0.5677607199576495,1.0,0.9087637454181939,0.8290298147765613
ddti_2678dc79df,ddti,0.8287631271878646,0.15396272162448857,0.08940513903555086,1.0,0.9340213785477331,0.4294045842940458
ddti_3cb770272f,ddti,0.8443836864889497,0.8350991578375442,0.80429094714809,0.9696493982208267,0.8849729429721105,0.9218307006885379
ddti_12d95b37a4,ddti,0.7839056538328131,0.8523517382413088,0.8951890034364262,0.9707903780068728,0.8729139922978177,0.8862422997946612
ddti_b1ee2d97ca,ddti,0.8418024928092043,0.8267792058315749,0.9244959244959245,0.9416559416559417,0.8679511278195489,0.8706218727662616
ddti_be9223a0e9,ddti,0.7272727272727273,0.6068427370948379,0.6244595429277332,0.9981470043236566,0.8272278513899715,0.7313054499366286
ddti_2a1acce5a7,ddti,0.8209817131857555,0.1541799247902806,0.09740497076023392,0.9353070175438597,0.8378059071729957,0.43263654753877273
ddti_e045a21668,ddti,0.8861957525392429,0.6988391618602614,0.6108487555839183,0.9799617102744097,0.898695318495779,0.8488427339985067
ddti_a76252d2b4,ddti,0.7384117858426159,0.7227008967821347,0.9684260131950989,0.9684260131950989,0.8293553424046397,0.8262476894639557
ddti_187f4dab10,ddti,0.8687436159346271,0.7737412364563416,0.6677667766776678,0.9356435643564357,0.7959582790091264,0.8130505709624796
ddti_4016772991,ddti,0.5699698305871432,0.5758499413833529,1.0,1.0,0.7642757118406721,0.7603843769373838
ddti_dc43010854,ddti,0.5529259896729777,0.19947326233825718,0.22594033722438392,1.0,0.6627365218218123,0.5365853658536586
ddti_787c8b3c4b,ddti,0.8424812685136783,0.8432159051273108,0.9710785298252661,0.9710785298252661,0.8868041237113402,0.8937252110241025
ddti_233bdfbf21,ddti,0.8482653450247808,0.8674463937621832,0.8,1.0,0.9574420175636118,0.9534033805390589
ddti_ac743820ef,ddti,0.7857385398981325,0.7829301075268817,0.9965782720273738,0.9897348160821214,0.855526544821584,0.8372093023255814
ddti_7599103e43,ddti,0.832383834787253,0.7166752297767882,0.6712651053363277,1.0,0.8898674197099506,0.8019271948608137
ddti_6c5aa6a01f,ddti,0.832383834787253,0.7166752297767882,0.6712651053363277,1.0,0.8898674197099506,0.8019271948608137
ddti_a94de71ed0,ddti,0.579607467687889,0.21107067611568664,0.18202841096795508,1.0,0.6819484240687679,0.6310013717421125
ddti_e217109e28,ddti,0.542664496628691,0.5934179839336615,0.9811482433590403,1.0,0.7454667562122229,0.7068511198945981
ddti_27df9b9068,ddti,0.6713634479900539,0.657905544147844,0.9792176039119804,0.9902200488997555,0.8309022150189087,0.828819068255688
ddti_f242f7bf6e,ddti,0.7235426330639376,0.7309152053807351,0.9851074851074851,0.9796684796684797,0.7721382900469643,0.7733165800445485
ddti_90696b2b43,ddti,0.7619047619047619,0.7502726281352236,0.900523560209424,0.900523560209424,0.80351048269137,0.8172348484848485
ddti_ba1514aeb9,ddti,0.8311079400672714,0.5095711529900578,0.4150852169708691,0.9856158588178412,0.9127166929324767,0.596535632365736
ddti_c8fbd8e3a2,ddti,0.8159110694435143,0.8754774029280713,0.8647437912606099,0.9575605155611443,0.9014003531682477,0.9326238419722839
ddti_e33a37bf51,ddti,0.7809924601087147,0.5784313725490197,0.46533831465338316,0.9244499792444998,0.8399430547081553,0.6177150192554557
ddti_33e5e1f317,ddti,0.8016405667412378,0.49490489130434784,0.3935710426796326,0.9679452548172159,0.8973707237801575,0.7244492208490059
ddti_cd5c4e3c0d,ddti,0.8268590455049944,0.8296943231441049,0.8704188481675392,0.975130890052356,0.8962597035991532,0.8179012345679012
ddti_939c619c88,ddti,0.7658385364362748,0.7325825328475213,0.7480270574971815,0.9887260428410372,0.892809693362385,0.8826296156133427
ddti_a0e522ad71,ddti,0.901743478848493,0.4474866757236911,0.3197431302270012,0.996415770609319,0.8787391444194275,0.6773338568764111
ddti_37e3d077d2,ddti,0.9033726578764747,0.6890566888312859,0.5523700536047702,0.9800638438836354,0.8703136694563517,0.8165140882698678
ddti_4c301e1cf4,ddti,0.7421736869474779,0.6599505125486037,0.5164591977869987,0.9869986168741356,0.7831831831831831,0.7970319987633329
ddti_1113200ee2,ddti,0.6158618015767027,0.5114060555785981,0.5174874090654729,1.0,0.7322817151744057,0.7534877927254608
ddti_9c9f67679d,ddti,0.7541478129713424,0.7633587786259542,0.981491867638811,0.981491867638811,0.841952353282975,0.8411269241940168
ddti_6ec5864d97,ddti,0.7163350300786673,0.7147105925417525,0.9961734693877551,0.9872448979591837,0.9227883713660519,0.9094993581514762
ddti_06d0f20618,ddti,0.8072390572390572,0.5243352511273519,0.43952033368091764,1.0,0.902587890625,0.5802035152636448
ddti_1ab2f73c47,ddti,0.6566753838932475,0.0465180102915952,0.034423233143785543,0.9944151096669375,0.786384303444886,0.4050320670942279
ddti_0021c0606c,ddti,0.8,0.587025877348458,0.4730077120822622,0.9905741216795202,0.8991208463716287,0.7677870670534038
ddti_7e1535d854,ddti,0.7853844609516162,0.3665101362959569,0.27266530334015,1.0,0.8629433962264151,0.6515769148251448
ddti_7d9bfb7978,ddti,0.7604301075268817,0.7623975851660199,1.0,1.0,0.8826196473551637,0.8799598191863385
tn3k_ba14c8a36b,tn3k,0.8708161582852432,0.8034859965346919,0.7331980366245044,0.997073815367189,0.9472175097369239,0.9172363709212932
tn3k_e12b0ef506,tn3k,0.8397416833071335,0.7827514174873172,0.7962560080951177,1.0,0.9551196971931377,0.893730407523511
tn3k_be4c155142,tn3k,0.8565896833079796,0.9053926206244087,0.8613861386138614,0.9291929192919292,0.8868110236220472,0.8889988454560449
tn3k_8b669ded91,tn3k,0.6850152905198776,0.8262910798122066,0.8642857142857143,1.0,0.9010458567980691,0.89252896524171
tn3k_33814ec0d8,tn3k,0.7796883002853588,0.6839622641509434,0.5256769963115917,0.6718577598436367,0.7150811038974091,0.7086120823817127
tn3k_07164549ce,tn3k,0.7726114649681529,0.9132802681189778,0.8985985160758451,1.0,0.9464812473662031,0.9531772575250836
tn3k_242c29b639,tn3k,0.8835120047071655,0.9260408163265306,0.9101996277039605,0.987932473201104,0.9480012727546765,0.9060098936954005
tn3k_4501e10e3f,tn3k,0.8305692949277471,0.8095824777549624,0.6813364055299539,0.9866359447004608,0.902835538752363,0.879710893133712
tn3k_398c97384e,tn3k,0.8380197865240893,0.6817855947999809,0.5456110154905336,0.8213042646777586,0.8195193072369003,0.6807581272750094
tn3k_2e8606665e,tn3k,0.9001848428835489,0.6294793779580797,0.47043961596766043,0.9843355229914098,0.9054314860766474,0.7787719839555692
tn3k_e82f9f01a7,tn3k,0.8128460686600222,0.8495238095238096,0.7388999337309476,0.9728296885354539,0.9378342245989305,0.9172625127681308
tn3k_c1be980a7c,tn3k,0.7595907928388747,0.9418509418509419,0.968013468013468,1.0,0.8835098335854765,0.8963391136801542
tn3k_c1be980a7c,tn3k,0.8403525954946132,0.47022428460943544,0.3400447427293065,0.959731543624161,0.8950542822677925,0.6532137518684604
tn3k_75f6fec10b,tn3k,0.8126984126984127,0.9102312818502548,0.8923904688700999,0.9838585703305149,0.9287321830457614,0.8826990976853668
tn3k_a66f54501a,tn3k,0.8671154473473504,0.9122014202711427,0.8687662248941113,0.9987703238147287,0.941792618629174,0.9568938081261714
tn3k_be632d42a2,tn3k,0.738398445931362,0.7388768898488121,1.0,1.0,0.8843689049874617,0.8601511879049676
tn3k_123cbf01bd,tn3k,0.6832025373073639,0.7014771927925978,0.7715748125223187,1.0,0.9472105232792938,0.8037552606021366
tn3k_123cbf01bd,tn3k,0.6495084897229669,0.6312407315867523,0.7028068244358833,1.0,0.8748035620743845,0.8416289592760181
tn3k_8f32288f9c,tn3k,0.7872630780894617,0.7853707414829659,0.7548151001540832,1.0,0.8818542762098938,0.9243353783231084
