uid,dataset,best_iou,best_conf,hit25,hit_lowconf,area_ratio,diag,contrast,w,h
busi_c4322390d6,busi,0.8293356341673856,0.8815726637840271,1.0,1.0,0.008750718093278646,104.10091258005379,114.1466148962624,89,54
busi_a3108459ab,busi,0.984375,0.7704604268074036,1.0,1.0,0.015753219526804432,78.2368199762746,102.70812154346422,64,45
busi_6ca345f4b1,busi,0.7881869743790338,0.738539457321167,1.0,1.0,0.019104613286872206,165.4962235218677,60.4669887162053,155,58
busi_9460d57994,busi,0.7533265097236438,0.6732606887817383,1.0,1.0,0.011225078266600758,120.61509026651682,77.96329990312839,92,78
busi_bd7080a2a6,busi,0.7601359553289634,0.7175580263137817,1.0,1.0,0.012883700821444011,129.80754985747168,85.35756238459456,103,79
busi_479bc9d958,busi,0.6158959649598822,0.24702537059783936,0.0,1.0,0.2642503279876246,413.7172947799016,9.5255670915367,321,261
busi_5f2389aed3,busi,0.8759082759271491,0.5543177723884583,1.0,1.0,0.019282292584524966,147.87156589419075,77.63855675071912,121,85
busi_7432afad2c,busi,0.906801007556675,0.8215892910957336,1.0,1.0,0.034709754637941355,176.207264322445,61.540232394062286,157,80
busi_98197bf517,busi,0.9482758620689655,0.3589016795158386,1.0,1.0,0.006323229405499088,82.13403679352427,116.03320428955011,61,55
busi_4e9b7d897c,busi,0.8985507246376812,0.7632355093955994,1.0,1.0,0.007984991317290994,76.84399781375251,90.08048108114303,63,44
busi_881775a5f8,busi,0.0,0.0,0.0,0.0,0.0048807231493367565,77.80102827083971,50.157836539226444,62,47
busi_11c694f20f,busi,0.7627952755905512,0.37095746397972107,1.0,1.0,0.005305785815004428,64.88451279003334,55.55024158660599,57,31
busi_dcf573aebc,busi,0.9028858578607323,0.8495827317237854,1.0,1.0,0.09419321685508736,272.4261367783936,103.52673955018119,230,146
busi_25d8683937,busi,0.8779507785032646,0.5894798040390015,1.0,1.0,0.01071401529491936,89.69392398596462,76.15242762447632,77,46
busi_a2e0eb1c41,busi,0.815677966101695,0.6174373626708984,1.0,1.0,0.004983704078726703,70.0,62.75134164777022,56,42
busi_0d51c07bd5,busi,0.7019083132265848,0.0417742021381855,0.0,1.0,0.03435896281624201,329.84845004941286,71.6278186981016,320,80
busi_3aa2ecd082,busi,0.9282786885245902,0.8738912343978882,1.0,1.0,0.10228023238892682,324.96769070170654,27.344831794001436,302,120
busi_f89428ed30,busi,0.9047565752658087,0.849861204624176,1.0,1.0,0.05597503271921877,215.87033144922904,26.765575243544376,198,86
busi_42f20b000b,busi,0.8713618754345882,0.7397591471672058,1.0,1.0,0.08701442283531836,318.8181299738144,54.34725636414924,307,86
busi_e236c55059,busi,0.9055253150398926,0.7822918891906738,1.0,1.0,0.031787497304738684,166.715326230074,35.198453047294834,137,95
busi_d07111ff97,busi,0.365611245208008,0.0475592240691185,0.0,0.0,0.027708261584969196,160.85086260259843,25.03785993148523,148,63
busi_5297c4215c,busi,0.9244278871740287,0.5704774856567383,1.0,1.0,0.045064296377124585,208.35546549106888,25.448782528343074,194,76
busi_b5c3b1d7df,busi,0.8288120654196455,0.8940126895904541,1.0,1.0,0.054265234599232604,239.0815760362977,80.52787083066727,226,78
busi_16e7d3f1d9,busi,0.8869982547993019,0.6705978512763977,1.0,1.0,0.08303571428571428,272.45917125323564,19.521503228907136,247,115
busi_f0ca639c01,busi,0.6533036377134372,0.017150919884443283,0.0,1.0,0.07353610782260268,243.58981916328113,23.692736956374247,206,130
busi_22c13c0f43,busi,0.783983983983984,0.014562336727976799,0.0,1.0,0.014806917791992419,99.28242543370907,15.256552430570885,89,44
busi_6b1c7c6449,busi,0.9239704329461457,0.8618924617767334,1.0,1.0,0.02464472416741528,149.60280746028798,55.834392554541026,141,50
busi_b83f3d49c5,busi,0.8556745182012848,0.8413455486297607,1.0,1.0,0.03737685319378105,137.59360450253493,37.20416356041512,116,74
busi_929cf0f851,busi,0.8441138421733506,0.4789324998855591,1.0,1.0,0.005505524546595869,55.226805085936306,89.20521474795906,47,29
busi_b0824ba0e4,busi,0.7554204993429697,0.07943040132522583,0.0,1.0,0.09542522469029176,251.46172671005024,13.784729921292879,232,97
busi_cb24e22b98,busi,0.9127925617184995,0.8005049228668213,1.0,1.0,0.0555029786821,173.5655495770978,27.109289963662803,157,74
busi_034a4514ed,busi,0.9537733963897955,0.8563576340675354,1.0,1.0,0.12226984986245677,260.2249027283899,48.651478849728804,226,129
busi_1541b9855b,busi,0.7679505468378507,0.8437740802764893,1.0,1.0,0.06773448708751793,198.13379318026495,34.68687451000417,176,91
busi_7142c7617d,busi,0.8410190261206063,0.8616845607757568,1.0,1.0,0.04393549894835242,177.9100896520487,43.72748600661052,166,64
busi_5ea67a72a7,busi,0.7243707796193984,0.00333503820002079,0.0,1.0,0.06492842535787322,272.1249712907656,19.512790236677432,264,66
busi_328c7cf02a,busi,0.8974971440440337,0.8706860542297363,1.0,1.0,0.1049383186110265,323.5119781399137,22.969632656105375,302,116
busi_884f21854c,busi,0.8757377884973626,0.8617310523986816,1.0,1.0,0.14199468450717134,355.53480842246654,40.69615109661922,318,159
busi_702d535cb8,busi,0.912167191525909,0.847504734992981,1.0,1.0,0.053934052960026985,207.06762180505189,31.858486098031534,186,91
busi_7ad36ab93e,busi,0.8262448132780082,0.5623048543930054,1.0,1.0,0.011684227877312438,102.61578825892242,42.39270328074205,81,63
busi_fb599a827f,busi,0.9466449896541531,0.8783016204833984,1.0,1.0,0.11672169032684054,231.81242417092315,43.74563498172144,184,141
busi_26b35ce6c2,busi,0.832271762208068,0.6546345353126526,1.0,1.0,0.005459484069109738,60.207972893961475,63.447324862128404,51,32
busi_4058304b16,busi,0.9037472446730346,0.8268297910690308,1.0,1.0,0.01109039475376109,74.4043009509531,89.55470341907335,60,44
busi_dc9eed528c,busi,0.9095718836041677,0.8522650599479675,1.0,1.0,0.026465900972687806,233.05364189387817,96.95332646452752,217,85
busi_15283493c7,busi,0.7890162522871597,0.11757935583591461,0.0,1.0,0.14320024678300722,438.62170488930434,25.578774766671067,415,142
busi_de9fa69171,busi,0.8979798799286062,0.7487539649009705,1.0,1.0,0.1468648328896776,344.61572802180694,36.292731984635424,314,142
busi_1af81235cf,busi,0.9333333333333333,0.8354058265686035,1.0,1.0,0.03781355154481493,176.6635219845908,86.92654715918121,159,77
busi_0e203e8363,busi,0.834549446952442,0.8336318731307983,1.0,1.0,0.11079972767143241,358.6377001933846,34.010871146461895,290,211
busi_8c1f838d6c,busi,0.8110452349582784,0.4039384424686432,1.0,1.0,0.02408394908215564,121.69634341261039,46.51060087041334,89,83
busi_cfd961e96d,busi,0.9022556390977443,0.6283560991287231,1.0,1.0,0.011520615440420772,90.13878188659973,69.05708700629995,75,50
busi_6d2d131466,busi,0.9193776520509194,0.770442008972168,1.0,1.0,0.011914423051198131,122.88612614937456,95.1989622107137,101,70
busi_873f42e663,busi,0.9556030389363722,0.816956639289856,1.0,1.0,0.07207267984438598,245.65219315121126,75.872897175253,216,117
busi_22d1a239ff,busi,0.9221552762954037,0.8351399302482605,1.0,1.0,0.11851287262872628,343.93022548185553,39.34967801543668,288,188
busi_888dc0e64a,busi,0.7571597736941362,0.01235339604318142,0.0,1.0,0.10935831231123173,286.8117849740488,39.457233072788014,231,170
busi_62445ce52f,busi,0.8385093167701864,0.48524248600006104,1.0,1.0,0.029922297270483282,259.61702563583924,-0.2091530185161048,240,99
busi_31157c7321,busi,0.7963636363636364,0.003052052576094866,0.0,1.0,0.06516422013651205,242.87033577610913,32.695426561209786,219,105
busi_31341a9960,busi,0.9019292604501608,0.8613919019699097,1.0,1.0,0.07325181209539092,291.82186347153635,56.27332677741412,218,194
busi_6e82f75987,busi,0.862895493767977,0.7053382992744446,1.0,1.0,0.028442146089204912,201.1889659002203,76.27588752385361,171,106
busi_f5cba98f1d,busi,0.9183722711202963,0.8503217101097107,1.0,1.0,0.4488287912011416,618.5208161412193,19.85388814475843,518,338
busi_70e63630b2,busi,0.8918783542039356,0.8298492431640625,1.0,1.0,0.23478065310447613,391.0652119531984,83.03471419159203,304,246
busi_d6ece3a2e2,busi,0.9126171192631412,0.8797591328620911,1.0,1.0,0.04794937045212983,222.75098204048393,53.2200170610745,183,127
busi_21ebb876bc,busi,0.8596196868008948,0.3702854514122009,1.0,1.0,0.015354167942671648,104.5609869884557,62.22668823734283,87,58
busi_7a078fba05,busi,0.7998984900393351,0.7474655508995056,1.0,1.0,0.020238160391126678,207.13522153414664,87.67502620885323,197,64
busi_a262591d26,busi,0.8772012430549015,0.7150429487228394,1.0,1.0,0.015632776533532414,143.60013927569847,101.04121200277152,115,86
busi_b7e3e20601,busi,0.9713307659392384,0.8840605020523071,1.0,1.0,0.11089516275686488,366.54194848611803,103.92690814001406,287,228
busi_1e01f78c06,busi,0.882761840535353,0.0022511424031108618,0.0,1.0,0.07718699036893444,325.53033652794943,40.73397356351825,303,119
busi_a0d580339e,busi,0.6827732844159092,0.08243197202682495,0.0,1.0,0.06234366811991162,218.0022935659164,20.317431462109333,175,130
busi_c9ddf3ff26,busi,0.8855964777412817,0.8454387187957764,1.0,1.0,0.1952666609976886,404.75424642614934,52.82789566761238,349,205
busi_086f5ac9a7,busi,0.7586885245901639,0.0026981118135154247,0.0,1.0,0.31213351899125863,489.71828636472213,46.819140517720975,360,332
busi_55fa62f005,busi,0.6657034020753974,0.001946520758792758,0.0,1.0,0.04694536947426978,222.87440409342656,44.05254210785755,203,92
busi_f8c677f4cb,busi,0.7235621521335807,0.7728877067565918,1.0,1.0,0.016182605273514363,104.06248123122954,37.91477655910931,77,70
busi_60618b0cf0,busi,0.666337711835568,0.005310572683811188,0.0,1.0,0.07860488135717493,300.5278689239985,27.544521405915916,214,211
busi_93193f654b,busi,0.7833169370152601,0.8399274349212646,1.0,1.0,0.22502945919126768,456.4263357870578,58.85289767825938,401,218
busi_7dcb196d66,busi,0.8963251615449119,0.8239614367485046,1.0,1.0,0.37796340056053196,660.1492255543438,58.850089714780445,554,359
busi_9289e3083c,busi,0.8591276049815383,0.08223120123147964,0.0,1.0,0.035496972382218286,174.41330224498358,35.66006376109374,132,114
busi_6ecd547c0d,busi,0.886964217979517,0.8039714694023132,1.0,1.0,0.09096251795742458,354.6505322144604,45.91786623622659,316,161
busi_074ac11fc4,busi,0.42974513749161636,0.016277095302939415,0.0,0.0,0.057990194371244044,253.16002844051033,23.034514140909025,233,99
busi_a3204ccbe7,busi,0.784381603201007,0.8127396106719971,1.0,1.0,0.1822947389946753,414.42128323723915,51.25252827321662,329,252
busi_e760baac79,busi,0.7864179417312932,0.6492224931716919,1.0,1.0,0.021398455006486614,167.96725871431016,52.817723557731725,158,57
busi_d7a8d6043b,busi,0.7914317925591883,0.7091717720031738,1.0,1.0,0.1357674504721348,357.34157328807964,51.67953127551817,243,262
busi_bd0084d2eb,busi,0.7773049645390071,0.13175100088119507,0.0,1.0,0.060393808049535605,207.32824216685964,26.96893333239089,152,141
busi_1b904e1d39,busi,0.7965717568947907,0.7982651591300964,1.0,1.0,0.03792376362341859,223.48601745970598,56.77799622950634,155,161
busi_0cc200cd76,busi,0.8166402893963374,0.12800492346286774,0.0,1.0,0.09900507535043312,336.51448705813544,11.837227944650976,291,169
busi_bad20acd54,busi,0.8638270896851511,0.6008074283599854,1.0,1.0,0.03455915370189387,256.28499761008254,60.461688794870085,201,159
busi_1cd1fff51b,busi,0.7418351477449455,0.745593786239624,1.0,1.0,0.05763906490670514,205.38013535880242,44.91099151621739,159,130
busi_daf74cbea5,busi,0.9044177408783046,0.017361080273985863,0.0,1.0,0.20096169875802283,478.2677074609993,36.07983316370272,392,274
busi_d083e06533,busi,0.8288914638856701,0.7340284585952759,1.0,1.0,0.05568074871902123,264.09278672466615,48.61164380510817,207,164
busi_1f6bafb28c,busi,0.8197024823244052,0.09414015710353851,0.0,1.0,0.16474152772147432,531.8138772164563,29.937968494417234,449,285
busi_ff6b3c8040,busi,0.7854399824445908,0.8007171154022217,1.0,1.0,0.05210443226498272,274.4321409747772,42.858899657052525,217,168
busi_e0e8a1f5f7,busi,0.9421114382485113,0.8669717311859131,1.0,1.0,0.10910948456628052,301.5592810709032,67.01576300888269,247,173
busi_e77460c93f,busi,0.9038642565208584,0.5887734293937683,1.0,1.0,0.18171583056279073,438.32065887886233,15.179929315089637,389,202
ddti_98ad2517b3,ddti,0.6391752577319587,0.009254432283341885,0.0,1.0,0.135650634765625,187.9680823969857,-3.3237956095331924,176,66
ddti_56e6cc05a6,ddti,0.7826658871674949,0.7454971671104431,1.0,1.0,0.073974609375,118.07201192492656,13.656592914393478,105,54
ddti_c835c6acf9,ddti,0.7469179111957502,0.16915066540241241,0.0,1.0,0.209716796875,220.0295434708712,-4.6297883169555405,197,98
ddti_d02b6359c9,ddti,0.8962912087912088,0.8477944135665894,1.0,1.0,0.1227264404296875,154.01298646542764,29.06081941915148,122,94
ddti_c066535241,ddti,0.8060363022372309,0.8620997071266174,1.0,1.0,0.2329559326171875,195.38935487891862,5.043288405256106,151,124
ddti_d9658bd3e1,ddti,0.6727092479818723,0.6173409819602966,1.0,1.0,0.0647430419921875,117.18361660232202,-6.82007300670324,104,54
ddti_b8dcef923d,ddti,0.8455442252272224,0.4153239130973816,1.0,1.0,0.1852874755859375,226.10838109190027,-0.19487672910706522,214,73
ddti_22ffb08a0b,ddti,0.8254242162784009,0.6152966618537903,1.0,1.0,0.1208343505859375,167.5857989210303,9.679438761582091,142,89
ddti_a517b62f3e,ddti,0.8584863412449619,0.8215125799179077,1.0,1.0,0.28253173828125,246.5461417260469,10.672096336275828,224,103
ddti_1b0bfd8a9f,ddti,0.7198297699868275,0.744836151599884,1.0,1.0,0.1087493896484375,156.0833110873805,21.86109694772395,139,71
ddti_cfa286754f,ddti,0.7806451612903226,0.8018043041229248,1.0,1.0,0.0251617431640625,66.48308055437865,13.606835231228814,48,46
ddti_9a98bb878f,ddti,0.8221706107588977,0.7141604423522949,1.0,1.0,0.140289306640625,199.90497742677644,27.79719863050385,179,89
ddti_ade13232ad,ddti,0.8287153652392947,0.848707914352417,1.0,1.0,0.0225677490234375,63.60031446463138,40.052435905731556,51,38
ddti_7c4903c6a3,ddti,0.5648720211827007,0.5652608871459961,1.0,1.0,0.1164093017578125,142.86357128393507,18.11796723909282,103,99
ddti_8c5641ea57,ddti,0.8475616955957019,0.8225053548812866,1.0,1.0,0.2677154541015625,238.41560351621283,-5.193155382797542,211,111
ddti_54dd2b4e84,ddti,0.7430819316332067,0.7507346272468567,1.0,1.0,0.131072998046875,149.68299836654796,-0.1707402191903924,114,97
ddti_6410446b09,ddti,0.963152709359606,0.8323671817779541,1.0,1.0,0.177642822265625,175.2055935180153,57.481702516318556,141,104
ddti_3ab69060ab,ddti,0.7592358477314229,0.3577476143836975,1.0,1.0,0.0662841796875,134.46189051177288,-6.223983646962708,124,52
ddti_57c3f20a3d,ddti,0.9296875,0.4889383614063263,1.0,1.0,0.0517730712890625,104.31682510506155,-1.6007957559681643,91,51
ddti_7506b6edef,ddti,0.5139720558882236,0.0010775303235277534,0.0,1.0,0.040740966796875,110.67971810589327,-20.84220165016157,105,35
ddti_91d165a82a,ddti,0.8158995815899581,0.767429530620575,1.0,1.0,0.01763916015625,57.38466694161429,21.570079883805377,38,43
ddti_33e18d0483,ddti,0.8592287532759266,0.8141876459121704,1.0,1.0,0.061279296875,105.47511554864494,24.190130314322232,90,55
ddti_1f952975a3,ddti,0.844643346424331,0.7279382348060608,1.0,1.0,0.1071014404296875,157.2800050864699,8.2280383087176,136,79
ddti_8afc9502ef,ddti,0.899537037037037,0.8187057375907898,1.0,1.0,0.1393890380859375,186.45374761586316,18.7314789768364,174,67
ddti_221272fd42,ddti,0.854746835443038,0.7305533289909363,1.0,1.0,0.065155029296875,103.9471019317037,27.492772807352956,74,73
ddti_8de5d92d9d,ddti,0.8182586644125106,0.8346738815307617,1.0,1.0,0.1163482666015625,145.0551619212498,-27.82150122773872,121,80
ddti_2fdfab30c9,ddti,0.7707652622527945,0.33469220995903015,1.0,1.0,0.0495452880859375,104.5609869884557,-7.733619339269836,87,58
ddti_65ec60d09d,ddti,0.6732837055417701,0.7109556198120117,1.0,1.0,0.06146240234375,106.7941945987702,21.714934301094054,77,74
ddti_489a74d797,ddti,0.8101910828025478,0.6274405121803284,1.0,1.0,0.08343505859375,125.78155667664477,41.58386815094783,110,61
ddti_b40cf90f18,ddti,0.930109112356237,0.12262403219938278,0.0,1.0,0.0379486083984375,93.1074647920348,15.593573921546806,85,38
ddti_7c62604dba,ddti,0.9067357512953368,0.7974697351455688,1.0,1.0,0.282806396484375,222.44325119005072,17.211332872921417,184,125
ddti_4b8d19d7a1,ddti,0.8767058076801015,0.7429547309875488,1.0,1.0,0.2842254638671875,214.00934559032697,-60.79760251350725,130,170
ddti_6ee55d72ab,ddti,0.6912662596230422,0.005350399296730757,0.0,1.0,0.0332489013671875,81.30190649671138,23.550643433141957,43,69
ddti_8dad71b90d,ddti,0.5731225296442688,0.7341867685317993,1.0,1.0,0.04437255859375,83.45058418010026,-8.991250768714295,58,60
ddti_a8736f35aa,ddti,0.7584352078239609,0.0011740799527615309,0.0,1.0,0.01910400390625,61.587336360651285,25.174135137361873,33,52
ddti_feb395b080,ddti,0.1960054406185124,0.8488204479217529,0.0,0.0,0.097564697265625,132.31024147812596,9.50959097205579,75,109
ddti_5dfcfa97df,ddti,0.8321132259638848,0.7454482913017273,1.0,1.0,0.2959136962890625,226.92730113408567,-11.831971120934142,130,186
ddti_29ec7eabab,ddti,0.7658227848101266,0.005255537107586861,0.0,1.0,0.1171722412109375,159.02829936838285,3.0618347118951306,129,93
ddti_ad3b19cbcd,ddti,0.8807220450737718,0.0016003455966711044,0.0,1.0,0.1317291259765625,216.1712284278368,-29.569065748455223,197,89
ddti_e9be59c1a3,ddti,0.9227294467768508,0.8188638091087341,1.0,1.0,0.1732025146484375,204.47249203743763,-1.6218719870398672,180,97
ddti_3db3d34949,ddti,0.8390480032271077,0.8484525680541992,1.0,1.0,0.0521087646484375,102.39628899525607,33.17364635553366,87,54
ddti_fd470c1032,ddti,0.8404262928259781,0.8527668714523315,1.0,1.0,0.312652587890625,258.81460546112925,5.6841442432814375,237,104
ddti_640c4f6df2,ddti,0.7912261634225867,0.8508269786834717,1.0,1.0,0.2071990966796875,215.08137994721906,20.27544942819671,186,108
ddti_c9d3b7aed1,ddti,0.9271956176002827,0.7958743572235107,1.0,1.0,0.244537353515625,232.13142829009604,14.646965537847464,206,107
ddti_7ddf6c0f99,ddti,0.821039603960396,0.6855423450469971,1.0,1.0,0.121246337890625,141.76741515595182,-14.164707932389788,107,93
ddti_7fdea6c059,ddti,0.6545088161209068,0.012295156717300415,0.0,1.0,0.0854949951171875,154.50566332662373,-9.04406078943154,144,56
ddti_a24384ffc8,ddti,0.8167397907526156,0.8650045990943909,1.0,1.0,0.11529541015625,146.16771189288008,5.0087344354336665,121,82
ddti_2678dc79df,ddti,0.95,0.8436470031738281,1.0,1.0,0.086700439453125,131.2288078129189,10.947233996432175,114,65
ddti_3cb770272f,ddti,0.8531775018261505,0.791426420211792,1.0,1.0,0.058319091796875,104.63746938836012,25.427928454524206,82,65
ddti_97dac9ec47,ddti,0.5042796865581676,0.06523382663726807,0.0,1.0,0.04571533203125,114.12712210513327,-5.707395513234019,104,47
ddti_12d95b37a4,ddti,0.7696,0.8062821626663208,1.0,1.0,0.01776123046875,57.3149195236284,24.692494429131955,42,39
ddti_b1ee2d97ca,ddti,0.7677283653846154,0.7321058511734009,1.0,1.0,0.0355682373046875,85.0881895447306,9.894591294591294,74,42
ddti_be9223a0e9,ddti,0.8013245033112583,0.36626294255256653,1.0,1.0,0.0247039794921875,75.58438992278762,-5.590991678783389,68,33
ddti_2a1acce5a7,ddti,0.7642403010250421,0.6987889409065247,1.0,1.0,0.08349609375,124.53112060846478,-6.161874341651227,108,62
ddti_e045a21668,ddti,0.8636363636363636,0.7993646860122681,1.0,1.0,0.1195526123046875,146.72763884149435,39.98614657660413,123,80
ddti_1c55c900ff,ddti,0.4394942805538832,0.8252962827682495,0.0,0.0,0.41888427734375,266.83515510516975,20.752029996430238,220,151
ddti_a76252d2b4,ddti,0.6826568265682657,0.7929052710533142,1.0,1.0,0.032379150390625,81.6333265278342,12.776056794065411,70,42
ddti_187f4dab10,ddti,0.8341514726507714,0.0024276229087263346,0.0,1.0,0.027740478515625,73.49829930005184,1.4892485558519013,41,61
ddti_4016772991,ddti,0.5844155844155844,0.4589269459247589,1.0,1.0,0.0374755859375,83.6301381082203,-2.8505717951971974,63,55
ddti_dc43010854,ddti,0.8648648648648649,0.06537562608718872,0.0,1.0,0.0588226318359375,104.9952379872535,-15.37702822512189,80,68
ddti_043379d4b4,ddti,0.6847826086956522,0.12066200375556946,0.0,1.0,0.0165557861328125,63.50590523722971,17.727599299354445,28,57
ddti_9c90160b14,ddti,0.3919544900446973,0.8422743678092957,0.0,0.0,0.056182861328125,105.30906893520614,23.318463410777028,53,91
ddti_787c8b3c4b,ddti,0.833427922814983,0.5246139764785767,1.0,1.0,0.0759735107421875,115.74541027617467,16.183988895410764,74,89
ddti_233bdfbf21,ddti,0.911677141912008,0.7361665368080139,1.0,1.0,0.0339508056640625,74.95331880577403,35.342607700090525,53,53
ddti_ac743820ef,ddti,0.8545454545454545,0.736591637134552,1.0,1.0,0.0178375244140625,57.688820407423826,13.84166772837304,32,48
ddti_7599103e43,ddti,0.9183673469387755,0.8453910946846008,1.0,1.0,0.1426849365234375,161.7188919081503,5.852245682000316,133,92
ddti_6c5aa6a01f,ddti,0.9183673469387755,0.8453910946846008,1.0,1.0,0.1426849365234375,161.7188919081503,5.852245682000316,133,92
ddti_a94de71ed0,ddti,0.6910557796633746,0.6789085865020752,1.0,1.0,0.0461883544921875,108.40664186294121,-6.073351302125673,54,94
ddti_e217109e28,ddti,0.6091205211726385,0.01023900043219328,0.0,1.0,0.0178070068359375,60.60528029800704,-1.1488016410895483,37,48
ddti_27df9b9068,ddti,0.7324955116696589,0.40690284967422485,1.0,1.0,0.012481689453125,51.0,20.054214718196803,24,45
ddti_4d1fb97d3c,ddti,0.15089877010406813,0.0014093004865571856,0.0,0.0,0.1703948974609375,188.0026595556563,1.478741435529784,151,112
ddti_f242f7bf6e,ddti,0.7825839499146272,0.0037389264907687902,0.0,1.0,0.117828369140625,146.44111444536333,-6.3751097940509425,81,122
ddti_90696b2b43,ddti,0.7272727272727273,0.24023988842964172,0.0,1.0,0.017486572265625,60.03332407921454,11.38350395786587,30,52
ddti_ba1514aeb9,ddti,0.9065821049022968,0.7507112622261047,1.0,1.0,0.1262359619140625,158.80806024884254,3.7365479892153175,82,136
ddti_c8fbd8e3a2,ddti,0.828839266905414,0.8697643876075745,1.0,1.0,0.19415283203125,190.90573590125572,21.074584773518808,146,123
ddti_e33a37bf51,ddti,0.7345617529880478,0.7796218395233154,1.0,1.0,0.0367584228515625,88.40814442120137,7.001931808513106,70,54
ddti_33e5e1f317,ddti,0.816710182767624,0.5877699255943298,1.0,1.0,0.169464111328125,184.43969204051496,-3.777726860384874,103,153
ddti_cd5c4e3c0d,ddti,0.8925373134328358,0.6596747636795044,1.0,1.0,0.01165771484375,47.885279575251516,-2.883020270206302,23,42
ddti_939c619c88,ddti,0.8103320035161269,0.8222071528434753,1.0,1.0,0.135345458984375,160.0312469488381,8.609477170236744,119,107
ddti_a0e522ad71,ddti,0.9320469798657718,0.8430138230323792,1.0,1.0,0.1021728515625,130.80137613954986,12.05015799217665,78,105
ddti_37e3d077d2,ddti,0.8865527814279457,0.839745819568634,1.0,1.0,0.2533416748046875,198.75864761061342,11.889432559844764,144,137
ddti_4c301e1cf4,ddti,0.7388059701492538,0.5505183935165405,1.0,1.0,0.0551605224609375,108.2266141020775,11.02752885086187,57,92
ddti_1113200ee2,ddti,0.9051428571428571,0.0016499526100233197,0.0,1.0,0.10906982421875,138.62178760930766,30.390808189823247,100,96
ddti_9c9f67679d,ddti,0.6984463276836158,0.7570461630821228,1.0,1.0,0.0272064208984375,65.19202405202648,4.864653262858539,43,49
ddti_6ec5864d97,ddti,0.7798594847775175,0.05783292278647423,0.0,1.0,0.02392578125,64.03124237432849,18.550824175824175,40,50
ddti_06d0f20618,ddti,0.8992165242165242,0.6631256341934204,1.0,1.0,0.05853271484375,112.69871339105873,-10.070894555566085,50,101
ddti_1ab2f73c47,ddti,0.7101449275362319,0.8715702295303345,1.0,1.0,0.1502685546875,170.42593699317015,-14.466832306184003,119,122
ddti_0021c0606c,ddti,0.8470254957507082,0.7375028133392334,1.0,1.0,0.0534210205078125,97.0,1.3844532052877412,65,72
ddti_7e1535d854,ddti,0.8820882088208821,0.8646783828735352,1.0,1.0,0.08953857421875,126.50691680694776,-6.371067457576629,80,98
ddti_7d9bfb7978,ddti,0.805439330543933,0.8490516543388367,1.0,1.0,0.01348876953125,49.51767361255979,21.527537938252223,34,36
tn3k_ba14c8a36b,tn3k,0.9356844955001098,0.8680844902992249,1.0,1.0,0.32330322265625,231.40008643040736,40.345862595031385,185,139
tn3k_e432497cb7,tn3k,0.8846153846153846,0.0011954449582844973,0.0,1.0,0.00726318359375,33.97057550292606,-2.421455679045806,23,25
tn3k_e12b0ef506,tn3k,0.9198569938924475,0.8582767248153687,1.0,1.0,0.3015899658203125,230.21728866442677,7.623427562135674,190,130
tn3k_a984c41da4,tn3k,0.46221959858323497,0.15589407086372375,0.0,0.0,0.0702667236328125,150.6154042586614,31.879746246414285,139,58
tn3k_be4c155142,tn3k,0.8007380073800738,0.8537842035293579,1.0,1.0,0.0508575439453125,92.00543462209176,44.40465804822241,56,73
tn3k_8b669ded91,tn3k,0.6991279069767442,0.7535220980644226,1.0,1.0,0.01708984375,53.75872022286245,26.192460317460316,39,37
tn3k_33814ec0d8,tn3k,0.8316985392703409,0.04657566174864769,0.0,1.0,0.4840240478515625,297.22886804615734,54.81778405681649,253,156
tn3k_07164549ce,tn3k,0.9527065527065527,0.8283218741416931,1.0,1.0,0.0185089111328125,58.137767414994535,45.351073317826724,38,44
tn3k_242c29b639,tn3k,0.9288513717214351,0.8140285611152649,1.0,1.0,0.475433349609375,289.0121104729004,57.933972898412634,242,158
tn3k_4501e10e3f,tn3k,0.9021346469622332,0.786200761795044,1.0,1.0,0.06622314453125,109.01834707974616,72.30658544661829,86,67
tn3k_398c97384e,tn3k,0.8655372017506706,0.0020710148382931948,0.0,1.0,0.3989410400390625,257.00194551792794,1.3307578992404814,205,155
tn3k_2e8606665e,tn3k,0.9005847953216374,0.8005800843238831,1.0,1.0,0.0301971435546875,72.62231062146122,10.392887013145426,57,45
tn3k_e82f9f01a7,tn3k,0.8100972672533581,0.8804118633270264,1.0,1.0,0.0230255126953125,67.60177512462228,61.36071084722572,59,33
tn3k_c1be980a7c,tn3k,0.5493066255778121,0.009454898536205292,0.0,1.0,0.031768798828125,119.10499569707393,30.649648918164765,115,31
tn3k_75f6fec10b,tn3k,0.8873239436619719,0.815276563167572,1.0,1.0,0.0198516845703125,58.728187440104094,24.75840098077949,40,43
tn3k_a66f54501a,tn3k,0.935814878802157,0.8744990825653076,1.0,1.0,0.223358154296875,192.00260414900626,87.43693141173743,144,127
tn3k_be632d42a2,tn3k,0.8210526315789474,0.44759470224380493,1.0,1.0,0.0522003173828125,97.0,38.47134179038312,65,72
tn3k_123cbf01bd,tn3k,0.43993686402256776,0.0018702361267060041,0.0,0.0,0.155914306640625,231.60742647851342,59.14969087427906,191,131
tn3k_e050c0f8dd,tn3k,0.6859250153657037,0.011731679551303387,0.0,1.0,0.0131378173828125,48.16637831516918,9.729965156794426,36,32
tn3k_8f32288f9c,tn3k,0.8131868131868132,0.8507245779037476,1.0,1.0,0.0792236328125,113.45483682946268,22.474969385767167,74,86
tn3k_053bfdf068,tn3k,0.6821705426356589,0.7576290965080261,1.0,1.0,0.01849365234375,55.60575509783138,22.330097062501284,44,34
tn3k_3538cd8e63,tn3k,0.8933002481389578,0.7849144339561462,1.0,1.0,0.008544921875,38.41874542459709,13.9438025210084,30,24
tn3k_12b9b2e7b0,tn3k,0.7983870967741935,0.839837372303009,1.0,1.0,0.0295867919921875,71.06335201775947,43.830207287171,45,55
tn3k_ac15c997d4,tn3k,0.765183752417795,0.8071151971817017,1.0,1.0,0.022186279296875,62.96824596572466,23.94804804575641,46,43
tn3k_00daec2730,tn3k,0.886765899864682,0.8444939255714417,1.0,1.0,0.1885223388671875,181.738823590338,29.13435691661651,127,130
tn3k_cee3119b00,tn3k,0.7576013513513513,0.8363848328590393,1.0,1.0,0.0953369140625,135.4843164355196,28.783195994146695,116,70
tn3k_49c7c236dd,tn3k,0.8857057594747837,0.8311055898666382,1.0,1.0,0.076446533203125,124.82387592123551,31.40409859438033,110,59
tn3k_791faec81f,tn3k,0.9211553473848556,0.8513513207435608,1.0,1.0,0.0275421142578125,71.28113354878694,16.541647201375586,40,59
tn3k_d2c8216947,tn3k,0.8423194303153612,0.8347957730293274,1.0,1.0,0.1013336181640625,136.5283853270081,-63.22973488595874,72,116
tn3k_606e589ecf,tn3k,0.8832821412900395,0.7453040480613708,1.0,1.0,0.1472625732421875,157.1146078504478,3.3971470584807975,99,122
tn3k_9667cba6ba,tn3k,0.8393782383419689,0.6940836310386658,1.0,1.0,0.0689544677734375,105.60303025955268,8.497206349458892,84,64
tn3k_604aad6ea1,tn3k,0.7629726632836799,0.7353500127792358,1.0,1.0,0.1161651611328125,143.6697602141801,-2.7856656115157676,79,120
tn3k_ed0acccbea,tn3k,0.8367794057236752,0.8528357744216919,1.0,1.0,0.07135009765625,115.66330446602328,37.625827163407166,97,63
tn3k_553977c522,tn3k,0.9428690575479566,0.883569598197937,1.0,1.0,0.1621856689453125,165.51737068960466,30.05206272574857,114,120
tn3k_b067593212,tn3k,0.4169937658739321,0.6184134483337402,0.0,0.0,0.018829345703125,60.108235708594876,5.012285391539848,42,43
tn3k_5c8ad8600c,tn3k,0.7283349561830574,0.03178085759282112,0.0,1.0,0.0695648193359375,111.21151019566275,18.139612199343432,88,68
tn3k_e2a0bb299b,tn3k,0.9140316205533597,0.7282344698905945,1.0,1.0,0.011962890625,45.221676218380054,32.78930890538034,37,26
tn3k_e22a0835fe,tn3k,0.9452668805000412,0.866379976272583,1.0,1.0,0.6287689208984375,317.6161204976851,40.276806050985584,256,188
tn3k_dbc5b57a99,tn3k,0.9093610698365527,0.7803788781166077,1.0,1.0,0.0968170166015625,149.37536610833797,33.07970987174352,133,68
tn3k_c0ac76817a,tn3k,0.7357377049180328,0.8215909600257874,1.0,1.0,0.032989501953125,78.87331614684399,-0.527692348354698,61,50
tn3k_c6079fc26e,tn3k,0.6292998292266406,0.003954644314944744,0.0,1.0,0.1258697509765625,169.77926846349644,19.187630319739924,156,67
tn3k_f066f1047a,tn3k,0.8796146435452794,0.8802427053451538,1.0,1.0,0.1562042236328125,159.2262541165872,60.00023874108535,108,117
tn3k_fb0bfb7ba1,tn3k,0.8940033783783784,0.8133649826049805,1.0,1.0,0.143280029296875,169.95587662684687,11.332819576589543,146,87
tn3k_1ebd8193e5,tn3k,0.8261161785885742,0.32439252734184265,1.0,1.0,0.49627685546875,301.3585903869342,22.583364512976033,256,159
tn3k_0e4f3eb55d,tn3k,0.8682851239669421,0.31339266896247864,1.0,1.0,0.0336456298828125,91.67878707749138,34.83378169449598,82,41
tn3k_407579313b,tn3k,0.8343189073211575,0.809623122215271,1.0,1.0,0.1956939697265625,196.91876497682998,31.896439541688764,164,109
tn3k_4be0dbda19,tn3k,0.7333077513430545,0.17863522469997406,0.0,1.0,0.024383544921875,65.80273550544841,13.535010069864953,53,39
tn3k_750d2c44a9,tn3k,0.805689569123274,0.0013622299302369356,0.0,1.0,0.26043701171875,212.24985276791125,10.799034362442498,167,131
tn3k_c7f6f5dc5a,tn3k,0.8318329821873205,0.8012396097183228,1.0,1.0,0.2667083740234375,237.54157530840786,9.366038023126464,215,101
tn3k_ae0436d357,tn3k,0.9200746384699113,0.8490505218505859,1.0,1.0,0.0697174072265625,117.04699910719626,47.17160128392071,98,64
tn3k_5ce4ec7510,tn3k,0.8206896551724138,0.4904712438583374,1.0,1.0,0.0046539306640625,29.068883707497267,51.61962955077709,22,19
tn3k_a4330f21f2,tn3k,0.7856105405125013,0.8240199685096741,1.0,1.0,0.377410888671875,266.8126683649035,-10.695385226757274,233,130
tn3k_35d695e619,tn3k,0.7147660541769274,0.7937880754470825,1.0,1.0,0.156280517578125,191.44189719076647,67.18921075967259,145,125
tn3k_717884e964,tn3k,0.9054848617814831,0.8572359085083008,1.0,1.0,0.364837646484375,253.21334877924585,61.96611684059125,201,154
tn3k_c7ee403f83,tn3k,0.8437694289013233,0.31074851751327515,1.0,1.0,0.2383270263671875,201.30822139197394,-4.5409450629919945,126,157
tn3k_739bc9d6f5,tn3k,0.8836580086580087,0.7677655816078186,1.0,1.0,0.3366241455078125,256.3201123595259,15.723931846737678,216,138
tn3k_af3ff464c9,tn3k,0.9086743287426929,0.8593485355377197,1.0,1.0,0.45074462890625,292.4739304621867,43.109949416915214,254,145
tn3k_ae92ade071,tn3k,0.7183673469387755,0.847653329372406,1.0,1.0,0.0367279052734375,84.38009243891595,50.970887355962134,72,44
tn3k_3f08a57d30,tn3k,0.8175915717260811,0.0666569396853447,0.0,1.0,0.1599578857421875,175.32826355154492,19.429075034793826,148,94
tn3k_f77a09ea13,tn3k,0.7540983606557377,0.014195014722645283,0.0,1.0,0.007720947265625,35.35533905932738,29.868044998479775,25,25
tn3k_3c47e1b68d,tn3k,0.876993166287016,0.01876181736588478,0.0,1.0,0.2053985595703125,195.35864454894235,6.090515776108077,166,103
tn3k_10f48ba220,tn3k,0.836260817410676,0.8662039041519165,1.0,1.0,0.264862060546875,218.65269264292172,26.103668726902043,172,135
tn3k_4716969eff,tn3k,0.9153995305643433,0.8306949138641357,1.0,1.0,0.1107940673828125,155.63097378092831,42.62100781327956,139,70
tn3k_9eb4c9e82a,tn3k,0.7918562329390355,0.7538329362869263,1.0,1.0,0.083953857421875,132.83448347473634,3.180089953158813,118,61
tn3k_28237989c5,tn3k,0.7982456140350878,0.7206925749778748,1.0,1.0,0.1134490966796875,150.89400253157845,18.428534468810184,100,113
tn3k_3a84ed43e0,tn3k,0.921545921690671,0.7437569499015808,1.0,1.0,0.1400299072265625,165.3027525481654,32.734701152295884,126,107
tn3k_65dc4dca5a,tn3k,0.7468862149039477,0.02845432423055172,0.0,1.0,0.0592193603515625,95.4829827770373,26.608955471292035,69,66
tn3k_6fb6c0c028,tn3k,0.8298901098901099,0.5709173679351807,1.0,1.0,0.0450592041015625,87.04596486914255,11.54803319435847,59,64
tn3k_d4cedf333d,tn3k,0.9223125018878183,0.8113981485366821,1.0,1.0,0.3660736083984375,254.09643838511394,-16.926750853382615,199,158
tn3k_c87a847f5e,tn3k,0.888,0.13981662690639496,0.0,1.0,0.3341827392578125,276.4489102890442,19.176371197365867,250,118
tn3k_ec2dc65c9d,tn3k,0.7525039918710988,0.4556731879711151,1.0,1.0,0.1611175537109375,185.59364213248256,23.75220097191633,166,83
tn3k_668480a0e1,tn3k,0.7707552984685411,0.05744118243455887,0.0,1.0,0.17938232421875,197.3854097951518,10.507134481268395,135,144
tn3k_62c106ab9e,tn3k,0.8912542521672336,0.8313085436820984,1.0,1.0,0.319915771484375,229.82819670353766,-5.544732796138405,186,135
tn3k_e383d892cc,tn3k,0.8408653846153846,0.7787907719612122,1.0,1.0,0.2068328857421875,199.97249810911498,5.926934902387714,167,110
tn3k_b6389d414e,tn3k,0.90625,0.7722364068031311,1.0,1.0,0.008331298828125,38.948684188300895,57.29558846950151,29,26
tn3k_af9969810c,tn3k,0.6208105335157319,0.0018655777676030993,0.0,1.0,0.0721588134765625,173.21951391226105,27.527270709835733,137,106
tn3k_0da4e51ea4,tn3k,0.7719475277497477,0.8305462002754211,1.0,1.0,0.0219573974609375,61.71709649683789,8.285538833839702,47,40
tn3k_23a6a670c5,tn3k,0.7262569832402235,0.7495440244674683,1.0,1.0,0.00299072265625,24.698178070456937,34.69472789115647,21,13
tn3k_c7e252f632,tn3k,0.6956521739130435,0.8550145626068115,1.0,1.0,0.005218505859375,30.610455730027933,39.20384294068504,24,19
tn3k_7e276061f2,tn3k,0.6719118804091266,0.8016186356544495,1.0,1.0,0.024810791015625,69.83552104767315,17.11331830880563,61,34
tn3k_590deedf34,tn3k,0.8113054087027247,0.8506469130516052,1.0,1.0,0.1190948486328125,151.18200951171406,23.900169557270388,134,70
tn3k_4b0e949d30,tn3k,0.6807446512920255,0.8133591413497925,1.0,1.0,0.032440185546875,70.00714249274856,2.3421363100639496,49,50
tn3k_35e6fc5a11,tn3k,0.8357771260997068,0.8289982080459595,1.0,1.0,0.0740966796875,123.89108119634763,57.48641994411425,110,57
tn3k_296169decd,tn3k,0.6784841075794621,0.0012111980468034744,0.0,1.0,0.0878143310546875,131.2288078129189,-1.9774291603732053,114,65
tn3k_06a3d8dc62,tn3k,0.6745161290322581,0.7424858808517456,1.0,1.0,0.0255889892578125,65.43699259593154,2.0772513649872053,51,41
tn3k_19a026406b,tn3k,0.8923026315789474,0.8608033061027527,1.0,1.0,0.3977508544921875,246.60291969074495,36.214681759732954,198,147
tn3k_8f329a1655,tn3k,0.8598376837025663,0.7593578696250916,1.0,1.0,0.3712158203125,284.25516705945734,58.85229958701146,224,175
tn3k_2f57a34a70,tn3k,0.8303411131059246,0.0036258327309042215,0.0,1.0,0.0448760986328125,95.4148835350125,44.398436205585256,80,52
tn3k_71a5ca06ee,tn3k,0.7583737583737584,0.059346072375774384,0.0,1.0,0.0412139892578125,96.56603957913983,33.84064973367464,51,82
tn3k_0bf4ed2885,tn3k,0.689119170984456,0.8116585612297058,1.0,1.0,0.09454345703125,154.5477272560163,24.665650301629626,134,77
tn3k_fa60cf7e34,tn3k,0.8035892323030908,0.8040516376495361,1.0,1.0,0.037933349609375,80.91971329657564,41.07317765199403,62,52
tn3k_c4b29c81c3,tn3k,0.7141472868217055,0.6871131062507629,1.0,1.0,0.0648040771484375,108.90362712049586,14.609847046895027,76,78
tn3k_2e91424732,tn3k,0.860655737704918,0.02516784332692623,0.0,1.0,0.0186920166015625,56.22277118748239,-1.4761070879964961,44,35
tn3k_cb94cef301,tn3k,0.7279267495094833,0.030830498784780502,0.0,1.0,0.032012939453125,75.07329751649384,-30.0984534934324,56,50
tn3k_c11ac56796,tn3k,0.7463059786315072,0.6620311141014099,1.0,1.0,0.0474700927734375,95.0,26.441658630665373,57,76
tn3k_ac9d77257a,tn3k,0.8050139275766016,0.8715804815292358,1.0,1.0,0.0447845458984375,86.83317338436964,16.872617138848724,54,68
tn3k_d86e698727,tn3k,0.8782129742962056,0.7393317818641663,1.0,1.0,0.017120361328125,56.586217403180434,18.759657398312868,41,39
tn3k_a1e4c6f7e2,tn3k,0.7715528722365267,0.102351613342762,0.0,1.0,0.075531005859375,148.94965592440957,-9.494370146802886,125,81
tn3k_5d04fafee6,tn3k,0.9286035024696901,0.8766009211540222,1.0,1.0,0.102386474609375,129.49517365523704,37.070102635984306,95,88
tn3k_c4622243ee,tn3k,0.904377293110477,0.7818453311920166,1.0,1.0,0.489654541015625,281.51376520518494,-4.625573296990481,235,155
tn3k_0b771d1854,tn3k,0.9064807219031994,0.7336861491203308,1.0,1.0,0.34417724609375,241.9008061168875,-9.941165007013382,204,130
tn3k_3058f724ee,tn3k,0.9395308801377232,0.7482860088348389,1.0,1.0,0.055389404296875,95.42536350467836,11.24096785687695,75,59
tn3k_2d486a7f96,tn3k,0.8171834625322998,0.45195040106773376,1.0,1.0,0.2003021240234375,188.91532494744834,22.637943605872294,165,92
tn3k_00fcf093a4,tn3k,0.9487179487179487,0.8582808375358582,1.0,1.0,0.062591552734375,101.86265262597475,30.283850421838064,74,70
tn3k_ad2c151812,tn3k,0.907469342251951,0.8634144067764282,1.0,1.0,0.2386016845703125,198.31288409984865,48.79710429334985,148,132
tn3k_6597c33f5c,tn3k,0.8453282828282829,0.833573579788208,1.0,1.0,0.0790557861328125,121.79490958164057,29.07916226044422,103,65
tn3k_e5b4ab155f,tn3k,0.9319044132330426,0.7778069972991943,1.0,1.0,0.158660888671875,192.41881404893857,39.0946661241888,175,80
tn3k_2faa8d2572,tn3k,0.9013026926972375,0.8722003698348999,1.0,1.0,0.315460205078125,236.57979626333267,120.19237724603987,197,131
tn3k_e1c42214a5,tn3k,0.7955502104630187,0.003145977621898055,0.0,1.0,0.0374603271484375,79.20227269466452,7.6392016293279,63,48
tn3k_5171952d76,tn3k,0.6179660702697691,0.8617969155311584,1.0,1.0,0.1443328857421875,166.20770138594662,-17.220828486840816,101,132
tn3k_a5d635abe5,tn3k,0.4927442061944986,0.4699708819389343,0.0,0.0,0.0234375,73.824115301167,30.226752555641816,35,65
tn3k_244b4caecd,tn3k,0.8886213124623721,0.012589102610945702,0.0,1.0,0.036376953125,96.93296652842108,26.376790850568415,36,90
tn3k_808a8c04b4,tn3k,0.9558823529411765,0.7869958877563477,1.0,1.0,0.0330810546875,78.54934754662193,20.837971649818424,41,67
tn3k_255c51cbfa,tn3k,0.7928135816713368,0.8440544605255127,1.0,1.0,0.07037353515625,108.18964830333816,25.652254079770074,76,77
tn3k_ac9f3a9d04,tn3k,0.7091152815013405,0.015378404408693314,0.0,1.0,0.007110595703125,37.53664875824692,-54.618007448959986,28,25
tn3k_baa30cfc65,tn3k,0.7665298677610579,0.7725780010223389,1.0,1.0,0.023468017578125,64.35060217278468,20.45203329706395,46,45
tn3k_e3b71af23d,tn3k,0.7301587301587301,0.7750092148780823,1.0,1.0,0.0439453125,99.85990186255943,18.20505379771288,84,54
tn3k_49c3d9e0ef,tn3k,0.5834976988823143,0.0013051778078079224,0.0,1.0,0.0374755859375,100.9554357129917,8.45858215707564,56,84
tn3k_17a376ef7a,tn3k,0.7425682261208577,0.8227630853652954,1.0,1.0,0.178558349609375,180.41341413542398,13.381239344735032,143,110
tn3k_3b73966134,tn3k,0.7450166112956811,0.41582509875297546,1.0,1.0,0.0100250244140625,45.27692569068709,-23.01142553873268,39,23
tn3k_9d5c35580d,tn3k,0.816825202897286,0.82363361120224,1.0,1.0,0.10595703125,148.60013458944107,7.075985434496381,109,101
tn3k_66d130eff3,tn3k,0.920517474056494,0.4567353427410126,1.0,1.0,0.212158203125,204.04411287758342,32.76229629380056,135,153
tn3k_517fb8dd10,tn3k,0.9105046948356808,0.8142639994621277,1.0,1.0,0.110198974609375,143.28293687665675,31.227904628284563,109,93
tn3k_2d1c388312,tn3k,0.8179162609542356,0.15154147148132324,0.0,1.0,0.0172119140625,59.464274989274024,-4.180621032607576,40,44
tn3k_2d2b5a5360,tn3k,0.6296296296296297,0.690926194190979,1.0,1.0,0.0126190185546875,47.4236228055175,31.931798067428872,35,32
tn3k_91888c0ca2,tn3k,0.836424957841484,0.7921788692474365,1.0,1.0,0.0113677978515625,48.104053883222775,32.22636708491392,35,33
tn3k_4d219a66dc,tn3k,0.8439466691529532,0.0013059206539765,0.0,1.0,0.2882232666015625,292.60553651631403,42.08944027117529,243,163
tn3k_2147053287,tn3k,0.8591784144308019,0.7492014169692993,1.0,1.0,0.0657196044921875,123.48279232346505,20.200726528949758,112,52
tn3k_06b83e3ad9,tn3k,0.7263017356475301,0.01988058350980282,0.0,1.0,0.0128021240234375,88.95504482602435,20.74687951423408,83,32
tn3k_aa6051fafc,tn3k,0.7807407407407407,0.7555353045463562,1.0,1.0,0.0802764892578125,131.48764200486676,35.87583055510525,108,75
tn3k_022b174b12,tn3k,0.8883212261515128,0.7971924543380737,1.0,1.0,0.12744140625,155.56991997169632,7.0601657225334336,109,111
tn3k_0bb62bcc82,tn3k,0.9152542372881356,0.791377067565918,1.0,1.0,0.0223236083984375,64.66065264130884,30.044250077975164,55,34
tn3k_4c7ff2a789,tn3k,0.9,0.7800547480583191,1.0,1.0,0.0123748779296875,48.41487374764082,67.50165623375452,38,30
tn3k_96e2023c6f,tn3k,0.7142857142857143,0.8278177976608276,1.0,1.0,0.018524169921875,58.249463516842795,38.949642487134625,48,33
tn3k_777ac21d90,tn3k,0.9569202566452796,0.5993759036064148,1.0,1.0,0.0478668212890625,94.02127418834527,13.228272897721595,58,74
tn3k_5696e50027,tn3k,0.8426966292134831,0.8316271305084229,1.0,1.0,0.014495849609375,53.2634959423431,13.97343263819927,41,34
tn3k_c348f31a7c,tn3k,0.39200171086398633,0.8098775744438171,0.0,0.0,0.0851593017578125,176.13914953808538,44.98266216015819,167,56
tn3k_5c10a50bcc,tn3k,0.7898302445102009,0.8275143504142761,1.0,1.0,0.4744110107421875,279.2579452764057,11.32283777954224,216,177
tn3k_0a5da3998e,tn3k,0.9246485710667398,0.8387584090232849,1.0,1.0,0.2694091796875,216.44860821913363,78.47393813006663,149,157
tn3k_120764bb3d,tn3k,0.9422142927941323,0.8239736557006836,1.0,1.0,0.1159820556640625,141.48498153514387,32.051492021375154,97,103
tn3k_9215f94b5b,tn3k,0.9157416750756812,0.0033902970608323812,0.0,1.0,0.13037109375,171.84004189943624,-10.860775293725311,120,123
tn3k_726b72c489,tn3k,0.8860759493670886,0.6437094211578369,1.0,1.0,0.0316314697265625,85.90692637965812,43.43484541966899,36,78
tn3k_df845d2565,tn3k,0.7580487804878049,0.650462806224823,1.0,1.0,0.0101165771484375,45.17742799230607,28.663783667313076,21,40
tn3k_e70e3dbb4b,tn3k,0.9417460380192072,0.8551912903785706,1.0,1.0,0.308990478515625,223.1815404552984,16.67740825187417,173,141
tn3k_a7c4e64d87,tn3k,0.7248270561106841,0.5201911926269531,1.0,1.0,0.0245361328125,64.66065264130884,75.71515889938065,41,50
tn3k_29b296a0c1,tn3k,0.753407105416424,0.0021418659016489983,0.0,1.0,0.0917510986328125,128.7245120402482,62.75409328464061,93,89
tn3k_cff6e24402,tn3k,0.8571708463949843,0.5560792088508606,1.0,1.0,0.2779541015625,228.0372776543344,24.112099460909327,176,145
tn3k_419443b4aa,tn3k,0.8220588235294117,0.8046087026596069,1.0,1.0,0.094757080078125,130.38404810405297,76.31579463382238,86,98
tn3k_a48f5a3bd5,tn3k,0.7368951612903226,0.7648985981941223,1.0,1.0,0.016357421875,58.008620049092706,42.037571540792285,34,47
tn3k_7e1390b927,tn3k,0.9411764705882353,0.8236672878265381,1.0,1.0,0.036834716796875,91.92388155425118,35.594122166885725,65,65
