uid,dataset,stage,dice
busi_c4322390d6,busi,otsu_iou50,0.7953855494839102
busi_a3108459ab,busi,otsu_iou50,0.8790864308105687
busi_6ca345f4b1,busi,otsu_iou50,0.8636489097433067
busi_9460d57994,busi,otsu_iou50,0.8459144865737006
busi_bd7080a2a6,busi,otsu_iou50,0.8045690550363448
busi_479bc9d958,busi,det_miss,0.0
busi_5f2389aed3,busi,otsu_iou50,0.8418373838910803
busi_7432afad2c,busi,otsu_iou50,0.9190651374161437
busi_98197bf517,busi,otsu_iou50,0.8807669263031755
busi_4e9b7d897c,busi,otsu_iou50,0.9041947177628172
busi_881775a5f8,busi,det_miss,0.0
busi_11c694f20f,busi,otsu_iou50,0.8018181818181818
busi_dcf573aebc,busi,otsu_iou50,0.9205162766000898
busi_25d8683937,busi,otsu_iou50,0.913993655269651
busi_a2e0eb1c41,busi,otsu_iou50,0.8922305764411027
busi_0d51c07bd5,busi,otsu_iou50,0.8312140478353013
busi_3aa2ecd082,busi,otsu_iou50,0.8196824257647798
busi_f89428ed30,busi,otsu_iou50,0.8564131455399061
busi_42f20b000b,busi,otsu_iou50,0.8927136851938346
busi_e236c55059,busi,otsu_iou50,0.8649173955296404
busi_d07111ff97,busi,det_miss,0.0
busi_5297c4215c,busi,otsu_iou50,0.8945070796796113
busi_b5c3b1d7df,busi,otsu_iou50,0.880959198282033
busi_16e7d3f1d9,busi,otsu_iou50,0.8817311103228095
busi_f0ca639c01,busi,det_miss,0.0
busi_22c13c0f43,busi,det_miss,0.0
busi_6b1c7c6449,busi,otsu_iou50,0.8881110985661059
busi_b83f3d49c5,busi,otsu_iou50,0.8735057426361434
busi_929cf0f851,busi,otsu_iou50,0.7841921735761332
busi_b0824ba0e4,busi,det_miss,0.0
busi_cb24e22b98,busi,otsu_iou50,0.8442772702847932
busi_034a4514ed,busi,otsu_iou50,0.8529913741408737
busi_1541b9855b,busi,otsu_iou50,0.8496913848561245
busi_7142c7617d,busi,otsu_iou50,0.8062183658712943
busi_5ea67a72a7,busi,det_miss,0.0
busi_328c7cf02a,busi,otsu_iou50,0.8886377611220979
busi_884f21854c,busi,otsu_iou50,0.8723000495570087
busi_702d535cb8,busi,otsu_iou50,0.8567268294334767
busi_7ad36ab93e,busi,otsu_iou50,0.8175750834260289
busi_fb599a827f,busi,otsu_iou50,0.7493792551061274
busi_26b35ce6c2,busi,otsu_iou50,0.8638045891931903
busi_4058304b16,busi,otsu_iou50,0.8507209499575912
busi_dc9eed528c,busi,otsu_iou50,0.915031534688157
busi_15283493c7,busi,det_miss,0.0
busi_de9fa69171,busi,otsu_iou50,0.8241848271341963
busi_1af81235cf,busi,otsu_iou50,0.931625763583753
busi_0e203e8363,busi,otsu_iou50,0.8236809072414838
busi_8c1f838d6c,busi,otsu_iou50,0.8353088561241206
busi_cfd961e96d,busi,otsu_iou50,0.911504424778761
busi_6d2d131466,busi,otsu_iou50,0.8692756036636137
busi_873f42e663,busi,otsu_iou50,0.9387609718865284
busi_22d1a239ff,busi,otsu_iou50,0.7332447058507567
busi_888dc0e64a,busi,otsu_iou50,0.7131300560049783
busi_62445ce52f,busi,otsu_iou50,0.7755747206122958
busi_31157c7321,busi,otsu_low_iou,0.6490564285880086
busi_31341a9960,busi,otsu_iou50,0.926063008189316
busi_6e82f75987,busi,otsu_iou50,0.91075203324854
busi_f5cba98f1d,busi,otsu_iou50,0.6805513232226155
busi_70e63630b2,busi,otsu_iou50,0.8690696603235101
busi_d6ece3a2e2,busi,otsu_iou50,0.9055844643527707
busi_21ebb876bc,busi,otsu_iou50,0.7770075101097631
busi_7a078fba05,busi,otsu_iou50,0.9321010345008665
busi_a262591d26,busi,otsu_iou50,0.9406357221466951
busi_b7e3e20601,busi,otsu_iou50,0.9600366822906052
busi_1e01f78c06,busi,otsu_iou50,0.8270645847755301
busi_a0d580339e,busi,det_miss,0.0
busi_c9ddf3ff26,busi,otsu_iou50,0.8159565012809118
busi_086f5ac9a7,busi,otsu_low_iou,0.6295597696116407
busi_55fa62f005,busi,otsu_iou50,0.7524151535076627
busi_f8c677f4cb,busi,otsu_iou50,0.8278801209788287
busi_60618b0cf0,busi,det_miss,0.0
busi_93193f654b,busi,otsu_iou50,0.8739217050642926
busi_7dcb196d66,busi,otsu_iou50,0.8679947069132006
busi_9289e3083c,busi,otsu_iou50,0.6953535353535354
busi_6ecd547c0d,busi,otsu_iou50,0.7819213802863553
busi_074ac11fc4,busi,det_miss,0.0
busi_a3204ccbe7,busi,otsu_iou50,0.7757037911445104
busi_e760baac79,busi,otsu_iou50,0.8835879567586885
busi_d7a8d6043b,busi,otsu_low_iou,0.6287640912132599
busi_bd0084d2eb,busi,det_miss,0.0
busi_1b904e1d39,busi,otsu_iou50,0.8268708509354254
busi_0cc200cd76,busi,otsu_low_iou,0.5365623440892113
busi_bad20acd54,busi,otsu_iou50,0.8346556314083133
busi_1cd1fff51b,busi,otsu_iou50,0.7052741263225393
busi_daf74cbea5,busi,otsu_iou50,0.7367713257674915
busi_d083e06533,busi,otsu_iou50,0.8956156156156156
busi_1f6bafb28c,busi,det_miss,0.0
busi_ff6b3c8040,busi,otsu_iou50,0.8313653502679103
busi_e0e8a1f5f7,busi,otsu_iou50,0.9212272837833142
busi_e77460c93f,busi,otsu_low_iou,0.5691454788759319
ddti_98ad2517b3,ddti,otsu_low_iou,0.19929786659465298
ddti_56e6cc05a6,ddti,otsu_iou50,0.78332368268674
ddti_c835c6acf9,ddti,otsu_low_iou,0.2691649400954869
ddti_d02b6359c9,ddti,otsu_iou50,0.9147418067480952
ddti_c066535241,ddti,otsu_low_iou,0.18414121602689829
ddti_d9658bd3e1,ddti,otsu_low_iou,0.30483619344773794
ddti_b8dcef923d,ddti,otsu_low_iou,0.5373034085184978
ddti_22ffb08a0b,ddti,otsu_iou50,0.7452518777209013
ddti_a517b62f3e,ddti,otsu_low_iou,0.6320371259401504
ddti_1b0bfd8a9f,ddti,otsu_iou50,0.8272127733425894
ddti_cfa286754f,ddti,otsu_iou50,0.7768388106416275
ddti_9a98bb878f,ddti,otsu_iou50,0.7479310559392695
ddti_ade13232ad,ddti,otsu_iou50,0.8467773060594365
ddti_7c4903c6a3,ddti,otsu_iou50,0.7280541185833665
ddti_8c5641ea57,ddti,otsu_iou50,0.8081198646689222
ddti_54dd2b4e84,ddti,otsu_low_iou,0.5940732674807497
ddti_6410446b09,ddti,otsu_iou50,0.8036580813736469
ddti_3ab69060ab,ddti,otsu_low_iou,0.5612977983777521
ddti_57c3f20a3d,ddti,otsu_low_iou,0.5525881965051105
ddti_7506b6edef,ddti,det_miss,0.0
ddti_91d165a82a,ddti,otsu_iou50,0.8199711953912626
ddti_33e18d0483,ddti,otsu_iou50,0.9251522024591142
ddti_1f952975a3,ddti,otsu_iou50,0.6720722380908505
ddti_8afc9502ef,ddti,otsu_iou50,0.8175959903338406
ddti_221272fd42,ddti,otsu_iou50,0.8655891110165886
ddti_8de5d92d9d,ddti,otsu_low_iou,0.13228789706473662
ddti_2fdfab30c9,ddti,otsu_low_iou,0.05182389937106918
ddti_65ec60d09d,ddti,otsu_iou50,0.7846671734173092
ddti_489a74d797,ddti,otsu_iou50,0.7350939914658056
ddti_b40cf90f18,ddti,otsu_low_iou,0.5527047913446677
ddti_7c62604dba,ddti,otsu_iou50,0.6881887634372253
ddti_4b8d19d7a1,ddti,otsu_low_iou,0.04476766150358897
ddti_6ee55d72ab,ddti,det_miss,0.0
ddti_8dad71b90d,ddti,otsu_low_iou,0.6366024518388792
ddti_a8736f35aa,ddti,otsu_iou50,0.8074626865671641
ddti_feb395b080,ddti,det_miss,0.0
ddti_5dfcfa97df,ddti,otsu_iou50,0.688676426650732
ddti_29ec7eabab,ddti,det_miss,0.0
ddti_ad3b19cbcd,ddti,otsu_low_iou,0.12112882536192048
ddti_e9be59c1a3,ddti,otsu_low_iou,0.22535017852238395
ddti_3db3d34949,ddti,otsu_iou50,0.8852509652509652
ddti_fd470c1032,ddti,otsu_low_iou,0.3893132458023866
ddti_640c4f6df2,ddti,otsu_iou50,0.6999321688994404
ddti_c9d3b7aed1,ddti,otsu_iou50,0.7459044722471833
ddti_7ddf6c0f99,ddti,otsu_low_iou,0.22452535999266257
ddti_7fdea6c059,ddti,otsu_low_iou,0.06969419892309256
ddti_a24384ffc8,ddti,otsu_low_iou,0.5976931142957008
ddti_2678dc79df,ddti,otsu_low_iou,0.1542891785389512
ddti_3cb770272f,ddti,otsu_iou50,0.8362897765741367
ddti_97dac9ec47,ddti,det_miss,0.0
ddti_12d95b37a4,ddti,otsu_iou50,0.8501628664495114
ddti_b1ee2d97ca,ddti,otsu_iou50,0.8258287028166316
ddti_be9223a0e9,ddti,otsu_low_iou,0.6040107752170009
ddti_2a1acce5a7,ddti,otsu_low_iou,0.15540150202195263
ddti_e045a21668,ddti,otsu_iou50,0.6991479134804457
ddti_1c55c900ff,ddti,det_miss,0.0
ddti_a76252d2b4,ddti,otsu_iou50,0.7221929362150764
ddti_187f4dab10,ddti,otsu_iou50,0.7745627980922098
ddti_4016772991,ddti,otsu_low_iou,0.5751756440281031
ddti_dc43010854,ddti,otsu_low_iou,0.19826007326007325
ddti_043379d4b4,ddti,det_miss,0.0
ddti_9c90160b14,ddti,det_miss,0.0
ddti_787c8b3c4b,ddti,otsu_iou50,0.8424812685136783
ddti_233bdfbf21,ddti,otsu_iou50,0.8659041129228523
ddti_ac743820ef,ddti,otsu_iou50,0.7813547954393025
ddti_7599103e43,ddti,otsu_iou50,0.7098463289698349
ddti_6c5aa6a01f,ddti,otsu_iou50,0.7098463289698349
ddti_a94de71ed0,ddti,otsu_low_iou,0.21483180428134557
ddti_e217109e28,ddti,otsu_low_iou,0.5917680559150919
ddti_27df9b9068,ddti,otsu_low_iou,0.6570959803117309
ddti_4d1fb97d3c,ddti,det_miss,0.0
ddti_f242f7bf6e,ddti,otsu_iou50,0.7303187403993856
ddti_90696b2b43,ddti,otsu_iou50,0.7489114658925979
ddti_ba1514aeb9,ddti,otsu_low_iou,0.5042501293517628
ddti_c8fbd8e3a2,ddti,otsu_iou50,0.8744041944709247
ddti_e33a37bf51,ddti,otsu_low_iou,0.5762624967956934
ddti_33e5e1f317,ddti,otsu_low_iou,0.49112660883370185
ddti_cd5c4e3c0d,ddti,otsu_iou50,0.8299065420560747
ddti_939c619c88,ddti,otsu_iou50,0.7236523652365237
ddti_a0e522ad71,ddti,otsu_low_iou,0.4493373682562872
ddti_37e3d077d2,ddti,otsu_iou50,0.6883550091825644
ddti_4c301e1cf4,ddti,otsu_low_iou,0.6625528913963329
ddti_1113200ee2,ddti,otsu_low_iou,0.5052079740635994
ddti_9c9f67679d,ddti,otsu_iou50,0.7623611413635374
ddti_6ec5864d97,ddti,otsu_iou50,0.7137308658898789
ddti_06d0f20618,ddti,otsu_low_iou,0.5294572444719344
ddti_1ab2f73c47,ddti,otsu_low_iou,0.05558217537134643
ddti_0021c0606c,ddti,otsu_low_iou,0.5827580102673039
ddti_7e1535d854,ddti,otsu_low_iou,0.36741214057507987
ddti_7d9bfb7978,ddti,otsu_iou50,0.7607573149741824
tn3k_ba14c8a36b,tn3k,otsu_iou50,0.8009721288587828
tn3k_e432497cb7,tn3k,det_miss,0.0
tn3k_e12b0ef506,tn3k,otsu_iou50,0.7759611573523583
tn3k_a984c41da4,tn3k,det_miss,0.0
tn3k_a984c41da4,tn3k,det_miss,0.0
tn3k_be4c155142,tn3k,otsu_iou50,0.9044846577498034
tn3k_8b669ded91,tn3k,otsu_iou50,0.8284376330353341
tn3k_33814ec0d8,tn3k,otsu_iou50,0.6836569413404958
tn3k_07164549ce,tn3k,otsu_iou50,0.9155518394648829
tn3k_242c29b639,tn3k,otsu_iou50,0.9263785686351192
tn3k_4501e10e3f,tn3k,otsu_iou50,0.8090287277701779
tn3k_398c97384e,tn3k,otsu_iou50,0.6789424661460199
tn3k_2e8606665e,tn3k,otsu_low_iou,0.6318273769386379
tn3k_e82f9f01a7,tn3k,otsu_iou50,0.8505135032331685
tn3k_c1be980a7c,tn3k,otsu_iou50,0.9428104575163399
tn3k_c1be980a7c,tn3k,otsu_low_iou,0.4722222222222222
tn3k_75f6fec10b,tn3k,otsu_iou50,0.9112934740132864
tn3k_a66f54501a,tn3k,otsu_iou50,0.9127521588018201
tn3k_be632d42a2,tn3k,otsu_iou50,0.7378410438908659
tn3k_123cbf01bd,tn3k,otsu_iou50,0.7011531415023171
tn3k_123cbf01bd,tn3k,otsu_low_iou,0.6310081340892285
tn3k_e050c0f8dd,tn3k,det_miss,0.0
tn3k_8f32288f9c,tn3k,otsu_iou50,0.7844939554401039
tn3k_053bfdf068,tn3k,otsu_iou50,0.7465846994535519
tn3k_3538cd8e63,tn3k,otsu_iou50,0.8134254689042448
tn3k_12b9b2e7b0,tn3k,otsu_iou50,0.8839716312056738
tn3k_ac15c997d4,tn3k,otsu_iou50,0.8738269030239834
tn3k_00daec2730,tn3k,otsu_iou50,0.8310909246722085
tn3k_cee3119b00,tn3k,otsu_iou50,0.8559841384282625
tn3k_49c7c236dd,tn3k,otsu_iou50,0.8709705908328181
tn3k_791faec81f,tn3k,otsu_iou50,0.8450854700854701
tn3k_d2c8216947,tn3k,otsu_low_iou,0.1570024835330958
tn3k_606e589ecf,tn3k,otsu_iou50,0.6998987044836594
tn3k_9667cba6ba,tn3k,otsu_iou50,0.7039720209842618
tn3k_604aad6ea1,tn3k,otsu_low_iou,0.35245310245310246
tn3k_ed0acccbea,tn3k,otsu_iou50,0.7694586144479184
tn3k_553977c522,tn3k,otsu_iou50,0.8542128603104213
tn3k_b067593212,tn3k,det_miss,0.0
tn3k_5c8ad8600c,tn3k,det_miss,0.0
tn3k_e2a0bb299b,tn3k,otsu_iou50,0.7550077041602465
tn3k_e22a0835fe,tn3k,otsu_low_iou,0.44466473393809036
tn3k_dbc5b57a99,tn3k,otsu_low_iou,0.4872718819016622
tn3k_c0ac76817a,tn3k,otsu_iou50,0.8485117725455353
tn3k_c6079fc26e,tn3k,otsu_iou50,0.6709608158883521
tn3k_f066f1047a,tn3k,otsu_iou50,0.9170411170701068
tn3k_fb0bfb7ba1,tn3k,otsu_low_iou,0.5255212077641984
tn3k_1ebd8193e5,tn3k,otsu_low_iou,0.586676113275959
tn3k_0e4f3eb55d,tn3k,otsu_iou50,0.8283244133388226
tn3k_407579313b,tn3k,otsu_iou50,0.8254419296216752
tn3k_4be0dbda19,tn3k,otsu_low_iou,0.5557181685134852
tn3k_750d2c44a9,tn3k,otsu_iou50,0.7980772232106627
tn3k_c7f6f5dc5a,tn3k,otsu_low_iou,0.35228948312278324
tn3k_ae0436d357,tn3k,otsu_iou50,0.756396298312466
tn3k_5ce4ec7510,tn3k,otsu_iou50,0.7019027484143763
tn3k_a4330f21f2,tn3k,otsu_low_iou,0.23262511199283245
tn3k_35d695e619,tn3k,otsu_iou50,0.8684082742546373
tn3k_35d695e619,tn3k,det_miss,0.0
tn3k_717884e964,tn3k,otsu_iou50,0.8828919389135897
tn3k_c7ee403f83,tn3k,otsu_low_iou,0.34413547982437803
tn3k_739bc9d6f5,tn3k,otsu_low_iou,0.6255568318717956
tn3k_af3ff464c9,tn3k,otsu_iou50,0.8953071048289705
tn3k_ae92ade071,tn3k,otsu_iou50,0.6883425852498017
tn3k_3f08a57d30,tn3k,det_miss,0.0
tn3k_f77a09ea13,tn3k,det_miss,0.0
tn3k_3c47e1b68d,tn3k,det_miss,0.0
tn3k_10f48ba220,tn3k,otsu_iou50,0.6743035667794846
tn3k_4716969eff,tn3k,otsu_iou50,0.8592035880962483
tn3k_9eb4c9e82a,tn3k,otsu_low_iou,0.5835509138381201
tn3k_28237989c5,tn3k,otsu_iou50,0.8285001188495364
tn3k_3a84ed43e0,tn3k,otsu_iou50,0.7974124525719972
tn3k_65dc4dca5a,tn3k,otsu_iou50,0.7743971720742331
tn3k_6fb6c0c028,tn3k,otsu_iou50,0.7803654604084558
tn3k_d4cedf333d,tn3k,otsu_low_iou,0.550961207532327
tn3k_c87a847f5e,tn3k,det_miss,0.0
tn3k_ec2dc65c9d,tn3k,otsu_iou50,0.7037619450828596
tn3k_668480a0e1,tn3k,det_miss,0.0
tn3k_62c106ab9e,tn3k,otsu_low_iou,0.2063044278179811
tn3k_e383d892cc,tn3k,otsu_iou50,0.7922985781990521
tn3k_b6389d414e,tn3k,otsu_iou50,0.7599164926931107
tn3k_af9969810c,tn3k,otsu_iou50,0.7964781578056214
tn3k_af9969810c,tn3k,otsu_iou50,0.8925619834710744
tn3k_0da4e51ea4,tn3k,otsu_iou50,0.8636651870640456
tn3k_23a6a670c5,tn3k,otsu_iou50,0.836104513064133
tn3k_c7e252f632,tn3k,otsu_iou50,0.7925117004680188
tn3k_7e276061f2,tn3k,otsu_low_iou,0.5432364549695012
tn3k_590deedf34,tn3k,otsu_iou50,0.8694247383578001
tn3k_4b0e949d30,tn3k,otsu_low_iou,0.5198979591836734
tn3k_35e6fc5a11,tn3k,otsu_iou50,0.8637043366801965
tn3k_296169decd,tn3k,otsu_low_iou,0.15646156160673988
tn3k_06a3d8dc62,tn3k,otsu_iou50,0.6858895705521473
tn3k_19a026406b,tn3k,otsu_iou50,0.773555439875065
tn3k_8f329a1655,tn3k,otsu_iou50,0.87053706505295
tn3k_2f57a34a70,tn3k,det_miss,0.0
tn3k_71a5ca06ee,tn3k,otsu_iou50,0.7259303902365527
tn3k_0bf4ed2885,tn3k,otsu_iou50,0.7783143507972665
tn3k_fa60cf7e34,tn3k,otsu_iou50,0.7512864493996569
tn3k_c4b29c81c3,tn3k,otsu_iou50,0.7217801355732391
tn3k_2e91424732,tn3k,otsu_low_iou,0.45320197044334976
tn3k_cb94cef301,tn3k,otsu_iou50,0.6980172852058973
tn3k_c11ac56796,tn3k,otsu_iou50,0.8643057503506312
tn3k_ac9d77257a,tn3k,otsu_iou50,0.9132025274359827
tn3k_d86e698727,tn3k,otsu_iou50,0.8269662921348314
tn3k_a1e4c6f7e2,tn3k,otsu_low_iou,0.3534109816971714
tn3k_a1e4c6f7e2,tn3k,det_miss,0.0
tn3k_5d04fafee6,tn3k,otsu_iou50,0.8768974012556624
tn3k_c4622243ee,tn3k,otsu_low_iou,0.5492303933545077
tn3k_0b771d1854,tn3k,otsu_iou50,0.8648773006134969
tn3k_3058f724ee,tn3k,otsu_low_iou,0.563989732306564
tn3k_2d486a7f96,tn3k,otsu_low_iou,0.4516413793103448
tn3k_00fcf093a4,tn3k,otsu_iou50,0.9207670956346202
tn3k_ad2c151812,tn3k,otsu_iou50,0.8349530115335326
tn3k_6597c33f5c,tn3k,otsu_iou50,0.8229235152312075
tn3k_e5b4ab155f,tn3k,otsu_iou50,0.8681147003981253
tn3k_2faa8d2572,tn3k,otsu_iou50,0.9321070388686047
tn3k_e1c42214a5,tn3k,det_miss,0.0
tn3k_5171952d76,tn3k,otsu_low_iou,0.09846258195794709
tn3k_a5d635abe5,tn3k,det_miss,0.0
tn3k_244b4caecd,tn3k,otsu_iou50,0.7903097696584591
tn3k_808a8c04b4,tn3k,otsu_iou50,0.8274785323965652
tn3k_255c51cbfa,tn3k,otsu_iou50,0.742032143830019
tn3k_ac9f3a9d04,tn3k,det_miss,0.0
tn3k_baa30cfc65,tn3k,otsu_iou50,0.8826657213753988
tn3k_e3b71af23d,tn3k,otsu_low_iou,0.6266552755232806
tn3k_49c3d9e0ef,tn3k,det_miss,0.0
tn3k_17a376ef7a,tn3k,otsu_iou50,0.8634177484571185
tn3k_3b73966134,tn3k,otsu_iou50,0.6872384937238494
tn3k_9d5c35580d,tn3k,otsu_low_iou,0.5954287620954287
tn3k_66d130eff3,tn3k,otsu_iou50,0.8501450209474702
tn3k_66d130eff3,tn3k,otsu_iou50,0.7987692307692308
tn3k_517fb8dd10,tn3k,otsu_iou50,0.7352413498504913
tn3k_2d1c388312,tn3k,otsu_low_iou,0.46912181303116146
tn3k_2d2b5a5360,tn3k,otsu_iou50,0.7504937458854509
tn3k_91888c0ca2,tn3k,otsu_iou50,0.8230827638572513
tn3k_4d219a66dc,tn3k,det_miss,0.0
tn3k_4d219a66dc,tn3k,otsu_iou50,0.841237670585056
tn3k_2147053287,tn3k,otsu_iou50,0.7837434750186428
tn3k_06b83e3ad9,tn3k,det_miss,0.0
tn3k_06b83e3ad9,tn3k,otsu_iou50,0.7436823104693141
tn3k_aa6051fafc,tn3k,otsu_iou50,0.8964772838779315
tn3k_022b174b12,tn3k,otsu_low_iou,0.6129263399254801
tn3k_0bb62bcc82,tn3k,otsu_iou50,0.7507552870090635
tn3k_4c7ff2a789,tn3k,otsu_iou50,0.8439306358381503
tn3k_96e2023c6f,tn3k,otsu_iou50,0.7247899159663865
tn3k_777ac21d90,tn3k,otsu_low_iou,0.5640439158279963
tn3k_5696e50027,tn3k,otsu_iou50,0.775975975975976
tn3k_c348f31a7c,tn3k,otsu_iou50,0.8774689739556022
tn3k_c348f31a7c,tn3k,otsu_iou50,0.9451909476661952
tn3k_5c10a50bcc,tn3k,otsu_low_iou,0.5130338325013866
tn3k_0a5da3998e,tn3k,otsu_iou50,0.9239452679589509
tn3k_120764bb3d,tn3k,otsu_low_iou,0.615784287377945
tn3k_9215f94b5b,tn3k,det_miss,0.0
tn3k_726b72c489,tn3k,otsu_iou50,0.7722830915013326
tn3k_df845d2565,tn3k,otsu_low_iou,0.5814432989690722
tn3k_e70e3dbb4b,tn3k,otsu_low_iou,0.5468531012678857
tn3k_a7c4e64d87,tn3k,otsu_iou50,0.8158403090792016
tn3k_29b296a0c1,tn3k,det_miss,0.0
tn3k_cff6e24402,tn3k,otsu_iou50,0.8070588235294117
tn3k_cff6e24402,tn3k,otsu_iou50,0.8213866039952996
tn3k_419443b4aa,tn3k,otsu_iou50,0.8152350081037277
tn3k_a48f5a3bd5,tn3k,otsu_iou50,0.7302291204730229
tn3k_7e1390b927,tn3k,otsu_iou50,0.895390444117028
