method,uid,dataset,modality,dice,iou,hd95,assd,bf1,area_err,match_iou,n_gt,n_pred,n_miss,n_fp,pred_pt_err,rough_pt_err
yolo26n_seg,tg3k_908c13f9b7,tg3k,thyroid,0.0,0.0,,,0.0,,0.0,1,0,,,,
yolo26n_seg__detstats,tg3k_908c13f9b7,tg3k,thyroid,,,,,,,,1,0,1.0,0.0,,
refiner_gtbox,tg3k_908c13f9b7,tg3k,thyroid,0.0,0.0,,,0.0,,0.0,1,1,,,,
refiner_gtbox__detstats,tg3k_908c13f9b7,tg3k,thyroid,,,,,,,,1,1,1.0,1.0,,
rough_otsu_gtbox,tg3k_908c13f9b7,tg3k,thyroid,0.0,0.0,,,0.0,,0.0,1,1,,,,
rough_otsu_gtbox__detstats,tg3k_908c13f9b7,tg3k,thyroid,,,,,,,,1,1,1.0,1.0,,
yolo26n_seg,tg3k_78d0ed07ec,tg3k,thyroid,0.0,0.0,,,0.0,,0.0,1,2,,,,
yolo26n_seg__detstats,tg3k_78d0ed07ec,tg3k,thyroid,,,,,,,,1,2,1.0,2.0,,
rough_otsu,tg3k_78d0ed07ec,tg3k,thyroid,0.0,0.0,,,0.0,,0.0,1,2,,,,
rough_otsu__detstats,tg3k_78d0ed07ec,tg3k,thyroid,,,,,,,,1,2,1.0,2.0,,
refiner_gtbox,tg3k_78d0ed07ec,tg3k,thyroid,0.0,0.0,,,0.0,,0.0,1,1,,,,
refiner_gtbox__detstats,tg3k_78d0ed07ec,tg3k,thyroid,,,,,,,,1,1,1.0,1.0,,
rough_otsu_gtbox,tg3k_78d0ed07ec,tg3k,thyroid,0.0,0.0,,,0.0,,0.0,1,1,,,,
rough_otsu_gtbox__detstats,tg3k_78d0ed07ec,tg3k,thyroid,,,,,,,,1,1,1.0,1.0,,
yolo26n_seg,tg3k_6bf08f39fd,tg3k,thyroid,0.0,0.0,,,0.0,,0.0,1,0,,,,
yolo26n_seg__detstats,tg3k_6bf08f39fd,tg3k,thyroid,,,,,,,,1,0,1.0,0.0,,
refiner_gtbox,tg3k_6bf08f39fd,tg3k,thyroid,0.0,0.0,,,0.0,,0.0,1,1,,,,
refiner_gtbox__detstats,tg3k_6bf08f39fd,tg3k,thyroid,,,,,,,,1,1,1.0,1.0,,
rough_otsu_gtbox,tg3k_6bf08f39fd,tg3k,thyroid,0.0,0.0,,,0.0,,0.0,1,1,,,,
rough_otsu_gtbox__detstats,tg3k_6bf08f39fd,tg3k,thyroid,,,,,,,,1,1,1.0,1.0,,
yolo26n_seg,tg3k_ae85370c51,tg3k,thyroid,0.0,0.0,,,0.0,,0.0,1,0,,,,
yolo26n_seg__detstats,tg3k_ae85370c51,tg3k,thyroid,,,,,,,,1,0,1.0,0.0,,
refiner_gtbox,tg3k_ae85370c51,tg3k,thyroid,0.0,0.0,,,0.0,,0.0,1,1,,,,
refiner_gtbox__detstats,tg3k_ae85370c51,tg3k,thyroid,,,,,,,,1,1,1.0,1.0,,
rough_otsu_gtbox,tg3k_ae85370c51,tg3k,thyroid,0.0,0.0,,,0.0,,0.0,1,1,,,,
rough_otsu_gtbox__detstats,tg3k_ae85370c51,tg3k,thyroid,,,,,,,,1,1,1.0,1.0,,
yolo26n_seg,tg3k_6f5aa5d672,tg3k,thyroid,0.0,0.0,,,0.0,,0.0,1,1,,,,
yolo26n_seg__detstats,tg3k_6f5aa5d672,tg3k,thyroid,,,,,,,,1,1,1.0,1.0,,
rough_otsu,tg3k_6f5aa5d672,tg3k,thyroid,0.0,0.0,,,0.0,,0.0,1,1,,,,
rough_otsu__detstats,tg3k_6f5aa5d672,tg3k,thyroid,,,,,,,,1,1,1.0,1.0,,
refiner_gtbox,tg3k_6f5aa5d672,tg3k,thyroid,0.0,0.0,,,0.0,,0.0,1,1,,,,
refiner_gtbox__detstats,tg3k_6f5aa5d672,tg3k,thyroid,,,,,,,,1,1,1.0,1.0,,
rough_otsu_gtbox,tg3k_6f5aa5d672,tg3k,thyroid,0.0,0.0,,,0.0,,0.0,1,1,,,,
rough_otsu_gtbox__detstats,tg3k_6f5aa5d672,tg3k,thyroid,,,,,,,,1,1,1.0,1.0,,
yolo26n_seg,tg3k_f9fda28d02,tg3k,thyroid,0.0,0.0,,,0.0,,0.0,1,0,,,,
yolo26n_seg__detstats,tg3k_f9fda28d02,tg3k,thyroid,,,,,,,,1,0,1.0,0.0,,
refiner_gtbox,tg3k_f9fda28d02,tg3k,thyroid,0.0,0.0,,,0.0,,0.0,1,1,,,,
refiner_gtbox__detstats,tg3k_f9fda28d02,tg3k,thyroid,,,,,,,,1,1,1.0,1.0,,
rough_otsu_gtbox,tg3k_f9fda28d02,tg3k,thyroid,0.0,0.0,,,0.0,,0.0,1,1,,,,
rough_otsu_gtbox__detstats,tg3k_f9fda28d02,tg3k,thyroid,,,,,,,,1,1,1.0,1.0,,
yolo26n_seg,tg3k_76c4b34d96,tg3k,thyroid,0.0,0.0,,,0.0,,0.0,1,0,,,,
yolo26n_seg__detstats,tg3k_76c4b34d96,tg3k,thyroid,,,,,,,,1,0,1.0,0.0,,
refiner_gtbox,tg3k_76c4b34d96,tg3k,thyroid,0.0,0.0,,,0.0,,0.0,1,1,,,,
refiner_gtbox__detstats,tg3k_76c4b34d96,tg3k,thyroid,,,,,,,,1,1,1.0,1.0,,
rough_otsu_gtbox,tg3k_76c4b34d96,tg3k,thyroid,0.0,0.0,,,0.0,,0.0,1,1,,,,
rough_otsu_gtbox__detstats,tg3k_76c4b34d96,tg3k,thyroid,,,,,,,,1,1,1.0,1.0,,
yolo26n_seg,tg3k_45b6b8c3ab,tg3k,thyroid,0.0,0.0,,,0.0,,0.0,1,0,,,,
yolo26n_seg__detstats,tg3k_45b6b8c3ab,tg3k,thyroid,,,,,,,,1,0,1.0,0.0,,
refiner_gtbox,tg3k_45b6b8c3ab,tg3k,thyroid,0.0,0.0,,,0.0,,0.0,1,1,,,,
refiner_gtbox__detstats,tg3k_45b6b8c3ab,tg3k,thyroid,,,,,,,,1,1,1.0,1.0,,
rough_otsu_gtbox,tg3k_45b6b8c3ab,tg3k,thyroid,0.0,0.0,,,0.0,,0.0,1,1,,,,
rough_otsu_gtbox__detstats,tg3k_45b6b8c3ab,tg3k,thyroid,,,,,,,,1,1,1.0,1.0,,
yolo26n_seg,tg3k_30d041dc41,tg3k,thyroid,0.0,0.0,,,0.0,,0.0,1,0,,,,
yolo26n_seg__detstats,tg3k_30d041dc41,tg3k,thyroid,,,,,,,,1,0,1.0,0.0,,
refiner_gtbox,tg3k_30d041dc41,tg3k,thyroid,0.0,0.0,,,0.0,,0.0,1,1,,,,
refiner_gtbox__detstats,tg3k_30d041dc41,tg3k,thyroid,,,,,,,,1,1,1.0,1.0,,
rough_otsu_gtbox,tg3k_30d041dc41,tg3k,thyroid,0.0,0.0,,,0.0,,0.0,1,1,,,,
rough_otsu_gtbox__detstats,tg3k_30d041dc41,tg3k,thyroid,,,,,,,,1,1,1.0,1.0,,
yolo26n_seg,tg3k_3db1e8ca26,tg3k,thyroid,0.0,0.0,,,0.0,,0.0,1,0,,,,
yolo26n_seg__detstats,tg3k_3db1e8ca26,tg3k,thyroid,,,,,,,,1,0,1.0,0.0,,
refiner_gtbox,tg3k_3db1e8ca26,tg3k,thyroid,0.0,0.0,,,0.0,,0.0,1,1,,,,
refiner_gtbox__detstats,tg3k_3db1e8ca26,tg3k,thyroid,,,,,,,,1,1,1.0,1.0,,
rough_otsu_gtbox,tg3k_3db1e8ca26,tg3k,thyroid,0.0,0.0,,,0.0,,0.0,1,1,,,,
rough_otsu_gtbox__detstats,tg3k_3db1e8ca26,tg3k,thyroid,,,,,,,,1,1,1.0,1.0,,
yolo26n_seg,tg3k_24f43b0197,tg3k,thyroid,0.0,0.0,,,0.0,,0.0,1,1,,,,
yolo26n_seg__detstats,tg3k_24f43b0197,tg3k,thyroid,,,,,,,,1,1,1.0,1.0,,
rough_otsu,tg3k_24f43b0197,tg3k,thyroid,0.0,0.0,,,0.0,,0.0,1,1,,,,
rough_otsu__detstats,tg3k_24f43b0197,tg3k,thyroid,,,,,,,,1,1,1.0,1.0,,
refiner_gtbox,tg3k_24f43b0197,tg3k,thyroid,0.0,0.0,,,0.0,,0.0,1,1,,,,
refiner_gtbox__detstats,tg3k_24f43b0197,tg3k,thyroid,,,,,,,,1,1,1.0,1.0,,
rough_otsu_gtbox,tg3k_24f43b0197,tg3k,thyroid,0.0,0.0,,,0.0,,0.0,1,1,,,,
rough_otsu_gtbox__detstats,tg3k_24f43b0197,tg3k,thyroid,,,,,,,,1,1,1.0,1.0,,
yolo26n_seg,tg3k_6b2445babe,tg3k,thyroid,0.0,0.0,,,0.0,,0.0,1,1,,,,
yolo26n_seg__detstats,tg3k_6b2445babe,tg3k,thyroid,,,,,,,,1,1,1.0,1.0,,
rough_otsu,tg3k_6b2445babe,tg3k,thyroid,0.0,0.0,,,0.0,,0.0,1,1,,,,
rough_otsu__detstats,tg3k_6b2445babe,tg3k,thyroid,,,,,,,,1,1,1.0,1.0,,
refiner_gtbox,tg3k_6b2445babe,tg3k,thyroid,0.6779967456156211,0.512855579868709,19.6468827043885,7.652389554904039,0.15917914586799778,0.09984813971146546,0.512855589389801,1,1,,,7.449464797973633,10.407526016235352
refiner_gtbox__detstats,tg3k_6b2445babe,tg3k,thyroid,,,,,,,,1,1,0.0,0.0,,
rough_otsu_gtbox,tg3k_6b2445babe,tg3k,thyroid,0.6911571765940698,0.5280673616680032,25.14911064067352,9.43410149673912,0.2928294331122513,0.8936977980258163,0.5280673503875732,1,1,,,10.416576385498047,10.416576385498047
rough_otsu_gtbox__detstats,tg3k_6b2445babe,tg3k,thyroid,,,,,,,,1,1,0.0,0.0,,
yolo26n_seg,tg3k_554f5ec140,tg3k,thyroid,0.0,0.0,,,0.0,,0.0,1,2,,,,
yolo26n_seg__detstats,tg3k_554f5ec140,tg3k,thyroid,,,,,,,,1,2,1.0,2.0,,
rough_otsu,tg3k_554f5ec140,tg3k,thyroid,0.0,0.0,,,0.0,,0.0,1,2,,,,
rough_otsu__detstats,tg3k_554f5ec140,tg3k,thyroid,,,,,,,,1,2,1.0,2.0,,
refiner_gtbox,tg3k_554f5ec140,tg3k,thyroid,0.0,0.0,,,0.0,,0.0,1,1,,,,
refiner_gtbox__detstats,tg3k_554f5ec140,tg3k,thyroid,,,,,,,,1,1,1.0,1.0,,
rough_otsu_gtbox,tg3k_554f5ec140,tg3k,thyroid,0.0,0.0,,,0.0,,0.0,1,1,,,,
rough_otsu_gtbox__detstats,tg3k_554f5ec140,tg3k,thyroid,,,,,,,,1,1,1.0,1.0,,
yolo26n_seg,tg3k_9f655184cf,tg3k,thyroid,0.0,0.0,,,0.0,,0.0,1,1,,,,
yolo26n_seg__detstats,tg3k_9f655184cf,tg3k,thyroid,,,,,,,,1,1,1.0,1.0,,
rough_otsu,tg3k_9f655184cf,tg3k,thyroid,0.0,0.0,,,0.0,,0.0,1,1,,,,
rough_otsu__detstats,tg3k_9f655184cf,tg3k,thyroid,,,,,,,,1,1,1.0,1.0,,
refiner_gtbox,tg3k_9f655184cf,tg3k,thyroid,0.0,0.0,,,0.0,,0.0,1,1,,,,
refiner_gtbox__detstats,tg3k_9f655184cf,tg3k,thyroid,,,,,,,,1,1,1.0,1.0,,
rough_otsu_gtbox,tg3k_9f655184cf,tg3k,thyroid,0.0,0.0,,,0.0,,0.0,1,1,,,,
rough_otsu_gtbox__detstats,tg3k_9f655184cf,tg3k,thyroid,,,,,,,,1,1,1.0,1.0,,
yolo26n_seg,tg3k_f00a16a5df,tg3k,thyroid,0.0,0.0,,,0.0,,0.0,1,0,,,,
yolo26n_seg__detstats,tg3k_f00a16a5df,tg3k,thyroid,,,,,,,,1,0,1.0,0.0,,
refiner_gtbox,tg3k_f00a16a5df,tg3k,thyroid,0.0,0.0,,,0.0,,0.0,1,1,,,,
refiner_gtbox__detstats,tg3k_f00a16a5df,tg3k,thyroid,,,,,,,,1,1,1.0,1.0,,
rough_otsu_gtbox,tg3k_f00a16a5df,tg3k,thyroid,0.0,0.0,,,0.0,,0.0,1,1,,,,
rough_otsu_gtbox__detstats,tg3k_f00a16a5df,tg3k,thyroid,,,,,,,,1,1,1.0,1.0,,
yolo26n_seg,tg3k_3000b2a470,tg3k,thyroid,0.0,0.0,,,0.0,,0.0,1,0,,,,
yolo26n_seg__detstats,tg3k_3000b2a470,tg3k,thyroid,,,,,,,,1,0,1.0,0.0,,
refiner_gtbox,tg3k_3000b2a470,tg3k,thyroid,0.0,0.0,,,0.0,,0.0,1,1,,,,
refiner_gtbox__detstats,tg3k_3000b2a470,tg3k,thyroid,,,,,,,,1,1,1.0,1.0,,
rough_otsu_gtbox,tg3k_3000b2a470,tg3k,thyroid,0.0,0.0,,,0.0,,0.0,1,1,,,,
rough_otsu_gtbox__detstats,tg3k_3000b2a470,tg3k,thyroid,,,,,,,,1,1,1.0,1.0,,
yolo26n_seg,tg3k_b77b0baeb7,tg3k,thyroid,0.0,0.0,,,0.0,,0.0,1,1,,,,
yolo26n_seg__detstats,tg3k_b77b0baeb7,tg3k,thyroid,,,,,,,,1,1,1.0,1.0,,
rough_otsu,tg3k_b77b0baeb7,tg3k,thyroid,0.0,0.0,,,0.0,,0.0,1,1,,,,
rough_otsu__detstats,tg3k_b77b0baeb7,tg3k,thyroid,,,,,,,,1,1,1.0,1.0,,
refiner_gtbox,tg3k_b77b0baeb7,tg3k,thyroid,0.0,0.0,,,0.0,,0.0,1,1,,,,
refiner_gtbox__detstats,tg3k_b77b0baeb7,tg3k,thyroid,,,,,,,,1,1,1.0,1.0,,
rough_otsu_gtbox,tg3k_b77b0baeb7,tg3k,thyroid,0.0,0.0,,,0.0,,0.0,1,1,,,,
rough_otsu_gtbox__detstats,tg3k_b77b0baeb7,tg3k,thyroid,,,,,,,,1,1,1.0,1.0,,
yolo26n_seg,tg3k_dd89206235,tg3k,thyroid,0.0,0.0,,,0.0,,0.0,1,1,,,,
yolo26n_seg__detstats,tg3k_dd89206235,tg3k,thyroid,,,,,,,,1,1,1.0,1.0,,
rough_otsu,tg3k_dd89206235,tg3k,thyroid,0.0,0.0,,,0.0,,0.0,1,1,,,,
rough_otsu__detstats,tg3k_dd89206235,tg3k,thyroid,,,,,,,,1,1,1.0,1.0,,
refiner_gtbox,tg3k_dd89206235,tg3k,thyroid,0.0,0.0,,,0.0,,0.0,1,1,,,,
refiner_gtbox__detstats,tg3k_dd89206235,tg3k,thyroid,,,,,,,,1,1,1.0,1.0,,
rough_otsu_gtbox,tg3k_dd89206235,tg3k,thyroid,0.0,0.0,,,0.0,,0.0,1,1,,,,
rough_otsu_gtbox__detstats,tg3k_dd89206235,tg3k,thyroid,,,,,,,,1,1,1.0,1.0,,
yolo26n_seg,tg3k_9716f79c46,tg3k,thyroid,0.0,0.0,,,0.0,,0.0,1,0,,,,
yolo26n_seg__detstats,tg3k_9716f79c46,tg3k,thyroid,,,,,,,,1,0,1.0,0.0,,
refiner_gtbox,tg3k_9716f79c46,tg3k,thyroid,0.6809899374490074,0.5162886597938144,14.369821427279941,4.753303107329813,0.33840304182509506,0.2909657320872274,0.5162886381149292,1,1,,,5.252259731292725,12.667344093322754
refiner_gtbox__detstats,tg3k_9716f79c46,tg3k,thyroid,,,,,,,,1,1,0.0,0.0,,
rough_otsu_gtbox,tg3k_9716f79c46,tg3k,thyroid,0.0,0.0,,,0.0,,0.0,1,1,,,,
rough_otsu_gtbox__detstats,tg3k_9716f79c46,tg3k,thyroid,,,,,,,,1,1,1.0,1.0,,
yolo26n_seg,tg3k_e52b2618d3,tg3k,thyroid,0.0,0.0,,,0.0,,0.0,1,1,,,,
yolo26n_seg__detstats,tg3k_e52b2618d3,tg3k,thyroid,,,,,,,,1,1,1.0,1.0,,
rough_otsu,tg3k_e52b2618d3,tg3k,thyroid,0.0,0.0,,,0.0,,0.0,1,1,,,,
rough_otsu__detstats,tg3k_e52b2618d3,tg3k,thyroid,,,,,,,,1,1,1.0,1.0,,
refiner_gtbox,tg3k_e52b2618d3,tg3k,thyroid,0.0,0.0,,,0.0,,0.0,1,1,,,,
refiner_gtbox__detstats,tg3k_e52b2618d3,tg3k,thyroid,,,,,,,,1,1,1.0,1.0,,
rough_otsu_gtbox,tg3k_e52b2618d3,tg3k,thyroid,0.0,0.0,,,0.0,,0.0,1,1,,,,
rough_otsu_gtbox__detstats,tg3k_e52b2618d3,tg3k,thyroid,,,,,,,,1,1,1.0,1.0,,
yolo26n_seg,tg3k_0eb0c04989,tg3k,thyroid,0.0,0.0,,,0.0,,0.0,1,1,,,,
yolo26n_seg__detstats,tg3k_0eb0c04989,tg3k,thyroid,,,,,,,,1,1,1.0,1.0,,
rough_otsu,tg3k_0eb0c04989,tg3k,thyroid,0.0,0.0,,,0.0,,0.0,1,1,,,,
rough_otsu__detstats,tg3k_0eb0c04989,tg3k,thyroid,,,,,,,,1,1,1.0,1.0,,
refiner_gtbox,tg3k_0eb0c04989,tg3k,thyroid,0.676235294117647,0.510842516885887,15.85835738020517,6.7044255274443225,0.222318651912924,0.12940140845070422,0.510842502117157,1,1,,,6.776520252227783,9.044694900512695
refiner_gtbox__detstats,tg3k_0eb0c04989,tg3k,thyroid,,,,,,,,1,1,0.0,0.0,,
rough_otsu_gtbox,tg3k_0eb0c04989,tg3k,thyroid,0.0,0.0,,,0.0,,0.0,1,1,,,,
rough_otsu_gtbox__detstats,tg3k_0eb0c04989,tg3k,thyroid,,,,,,,,1,1,1.0,1.0,,
yolo26n_seg,tg3k_af83a782ce,tg3k,thyroid,0.0,0.0,,,0.0,,0.0,1,1,,,,
yolo26n_seg__detstats,tg3k_af83a782ce,tg3k,thyroid,,,,,,,,1,1,1.0,1.0,,
rough_otsu,tg3k_af83a782ce,tg3k,thyroid,0.0,0.0,,,0.0,,0.0,1,1,,,,
rough_otsu__detstats,tg3k_af83a782ce,tg3k,thyroid,,,,,,,,1,1,1.0,1.0,,
refiner_gtbox,tg3k_af83a782ce,tg3k,thyroid,0.6789473684210526,0.5139442231075697,16.34613997501606,6.830802959839069,0.20584061543057736,0.13038130381303814,0.5139442086219788,1,1,,,7.2290568351745605,9.06070327758789
refiner_gtbox__detstats,tg3k_af83a782ce,tg3k,thyroid,,,,,,,,1,1,0.0,0.0,,
rough_otsu_gtbox,tg3k_af83a782ce,tg3k,thyroid,0.0,0.0,,,0.0,,0.0,1,1,,,,
rough_otsu_gtbox__detstats,tg3k_af83a782ce,tg3k,thyroid,,,,,,,,1,1,1.0,1.0,,
yolo26n_seg,tg3k_6cbfb5985b,tg3k,thyroid,0.0,0.0,,,0.0,,0.0,1,1,,,,
yolo26n_seg__detstats,tg3k_6cbfb5985b,tg3k,thyroid,,,,,,,,1,1,1.0,1.0,,
rough_otsu,tg3k_6cbfb5985b,tg3k,thyroid,0.0,0.0,,,0.0,,0.0,1,1,,,,
rough_otsu__detstats,tg3k_6cbfb5985b,tg3k,thyroid,,,,,,,,1,1,1.0,1.0,,
refiner_gtbox,tg3k_6cbfb5985b,tg3k,thyroid,0.0,0.0,,,0.0,,0.0,1,1,,,,
refiner_gtbox__detstats,tg3k_6cbfb5985b,tg3k,thyroid,,,,,,,,1,1,1.0,1.0,,
rough_otsu_gtbox,tg3k_6cbfb5985b,tg3k,thyroid,0.0,0.0,,,0.0,,0.0,1,1,,,,
rough_otsu_gtbox__detstats,tg3k_6cbfb5985b,tg3k,thyroid,,,,,,,,1,1,1.0,1.0,,
yolo26n_seg,tg3k_98a8f9221f,tg3k,thyroid,0.0,0.0,,,0.0,,0.0,1,1,,,,
yolo26n_seg__detstats,tg3k_98a8f9221f,tg3k,thyroid,,,,,,,,1,1,1.0,1.0,,
rough_otsu,tg3k_98a8f9221f,tg3k,thyroid,0.0,0.0,,,0.0,,0.0,1,1,,,,
rough_otsu__detstats,tg3k_98a8f9221f,tg3k,thyroid,,,,,,,,1,1,1.0,1.0,,
refiner_gtbox,tg3k_98a8f9221f,tg3k,thyroid,0.0,0.0,,,0.0,,0.0,1,1,,,,
refiner_gtbox__detstats,tg3k_98a8f9221f,tg3k,thyroid,,,,,,,,1,1,1.0,1.0,,
rough_otsu_gtbox,tg3k_98a8f9221f,tg3k,thyroid,0.0,0.0,,,0.0,,0.0,1,1,,,,
rough_otsu_gtbox__detstats,tg3k_98a8f9221f,tg3k,thyroid,,,,,,,,1,1,1.0,1.0,,
yolo26n_seg,tg3k_55e513ccb1,tg3k,thyroid,0.0,0.0,,,0.0,,0.0,1,1,,,,
yolo26n_seg__detstats,tg3k_55e513ccb1,tg3k,thyroid,,,,,,,,1,1,1.0,1.0,,
rough_otsu,tg3k_55e513ccb1,tg3k,thyroid,0.0,0.0,,,0.0,,0.0,1,1,,,,
rough_otsu__detstats,tg3k_55e513ccb1,tg3k,thyroid,,,,,,,,1,1,1.0,1.0,,
refiner_gtbox,tg3k_55e513ccb1,tg3k,thyroid,0.746001279590531,0.5948979591836735,35.510561809129406,10.811595469294591,0.16806111313204802,0.2770818719310552,0.594897985458374,1,1,,,13.060159683227539,16.703039169311523
refiner_gtbox__detstats,tg3k_55e513ccb1,tg3k,thyroid,,,,,,,,1,1,0.0,0.0,,
rough_otsu_gtbox,tg3k_55e513ccb1,tg3k,thyroid,0.0,0.0,,,0.0,,0.0,1,1,,,,
rough_otsu_gtbox__detstats,tg3k_55e513ccb1,tg3k,thyroid,,,,,,,,1,1,1.0,1.0,,
yolo26n_seg,tg3k_8c0d5f243d,tg3k,thyroid,0.0,0.0,,,0.0,,0.0,1,1,,,,
yolo26n_seg__detstats,tg3k_8c0d5f243d,tg3k,thyroid,,,,,,,,1,1,1.0,1.0,,
rough_otsu,tg3k_8c0d5f243d,tg3k,thyroid,0.0,0.0,,,0.0,,0.0,1,1,,,,
rough_otsu__detstats,tg3k_8c0d5f243d,tg3k,thyroid,,,,,,,,1,1,1.0,1.0,,
refiner_gtbox,tg3k_8c0d5f243d,tg3k,thyroid,0.7159925463115203,0.5576233566672358,38.00592002787339,11.224166101356175,0.16929386985921738,0.2642694063926941,0.5576233863830566,1,1,,,12.488862037658691,17.466995239257812
refiner_gtbox__detstats,tg3k_8c0d5f243d,tg3k,thyroid,,,,,,,,1,1,0.0,0.0,,
rough_otsu_gtbox,tg3k_8c0d5f243d,tg3k,thyroid,0.0,0.0,,,0.0,,0.0,1,1,,,,
rough_otsu_gtbox__detstats,tg3k_8c0d5f243d,tg3k,thyroid,,,,,,,,1,1,1.0,1.0,,
yolo26n_seg,tg3k_19fa8b5e46,tg3k,thyroid,0.0,0.0,,,0.0,,0.0,1,0,,,,
yolo26n_seg__detstats,tg3k_19fa8b5e46,tg3k,thyroid,,,,,,,,1,0,1.0,0.0,,
refiner_gtbox,tg3k_19fa8b5e46,tg3k,thyroid,0.6968670618120237,0.5347628330084471,36.61205838078618,12.555684584292221,0.10809816771432394,0.26099760721516657,0.5347628593444824,1,1,,,13.344842910766602,17.769756317138672
refiner_gtbox__detstats,tg3k_19fa8b5e46,tg3k,thyroid,,,,,,,,1,1,0.0,0.0,,
rough_otsu_gtbox,tg3k_19fa8b5e46,tg3k,thyroid,0.0,0.0,,,0.0,,0.0,1,1,,,,
rough_otsu_gtbox__detstats,tg3k_19fa8b5e46,tg3k,thyroid,,,,,,,,1,1,1.0,1.0,,
yolo26n_seg,tg3k_97ce6712cb,tg3k,thyroid,0.0,0.0,,,0.0,,0.0,1,1,,,,
yolo26n_seg__detstats,tg3k_97ce6712cb,tg3k,thyroid,,,,,,,,1,1,1.0,1.0,,
rough_otsu,tg3k_97ce6712cb,tg3k,thyroid,0.0,0.0,,,0.0,,0.0,1,1,,,,
rough_otsu__detstats,tg3k_97ce6712cb,tg3k,thyroid,,,,,,,,1,1,1.0,1.0,,
refiner_gtbox,tg3k_97ce6712cb,tg3k,thyroid,0.0,0.0,,,0.0,,0.0,1,1,,,,
refiner_gtbox__detstats,tg3k_97ce6712cb,tg3k,thyroid,,,,,,,,1,1,1.0,1.0,,
rough_otsu_gtbox,tg3k_97ce6712cb,tg3k,thyroid,0.0,0.0,,,0.0,,0.0,1,1,,,,
rough_otsu_gtbox__detstats,tg3k_97ce6712cb,tg3k,thyroid,,,,,,,,1,1,1.0,1.0,,
yolo26n_seg,tg3k_8443da36d1,tg3k,thyroid,0.0,0.0,,,0.0,,0.0,1,0,,,,
yolo26n_seg__detstats,tg3k_8443da36d1,tg3k,thyroid,,,,,,,,1,0,1.0,0.0,,
refiner_gtbox,tg3k_8443da36d1,tg3k,thyroid,0.0,0.0,,,0.0,,0.0,1,1,,,,
refiner_gtbox__detstats,tg3k_8443da36d1,tg3k,thyroid,,,,,,,,1,1,1.0,1.0,,
rough_otsu_gtbox,tg3k_8443da36d1,tg3k,thyroid,0.0,0.0,,,0.0,,0.0,1,1,,,,
rough_otsu_gtbox__detstats,tg3k_8443da36d1,tg3k,thyroid,,,,,,,,1,1,1.0,1.0,,
yolo26n_seg,tg3k_ab7139314b,tg3k,thyroid,0.0,0.0,,,0.0,,0.0,1,1,,,,
yolo26n_seg__detstats,tg3k_ab7139314b,tg3k,thyroid,,,,,,,,1,1,1.0,1.0,,
rough_otsu,tg3k_ab7139314b,tg3k,thyroid,0.0,0.0,,,0.0,,0.0,1,1,,,,
rough_otsu__detstats,tg3k_ab7139314b,tg3k,thyroid,,,,,,,,1,1,1.0,1.0,,
refiner_gtbox,tg3k_ab7139314b,tg3k,thyroid,0.0,0.0,,,0.0,,0.0,1,1,,,,
refiner_gtbox__detstats,tg3k_ab7139314b,tg3k,thyroid,,,,,,,,1,1,1.0,1.0,,
rough_otsu_gtbox,tg3k_ab7139314b,tg3k,thyroid,0.0,0.0,,,0.0,,0.0,1,1,,,,
rough_otsu_gtbox__detstats,tg3k_ab7139314b,tg3k,thyroid,,,,,,,,1,1,1.0,1.0,,
yolo26n_seg,tg3k_a7c796205b,tg3k,thyroid,0.0,0.0,,,0.0,,0.0,1,0,,,,
yolo26n_seg__detstats,tg3k_a7c796205b,tg3k,thyroid,,,,,,,,1,0,1.0,0.0,,
refiner_gtbox,tg3k_a7c796205b,tg3k,thyroid,0.0,0.0,,,0.0,,0.0,1,1,,,,
refiner_gtbox__detstats,tg3k_a7c796205b,tg3k,thyroid,,,,,,,,1,1,1.0,1.0,,
rough_otsu_gtbox,tg3k_a7c796205b,tg3k,thyroid,0.0,0.0,,,0.0,,0.0,1,1,,,,
rough_otsu_gtbox__detstats,tg3k_a7c796205b,tg3k,thyroid,,,,,,,,1,1,1.0,1.0,,
yolo26n_seg,tg3k_95615b2f06,tg3k,thyroid,0.0,0.0,,,0.0,,0.0,1,2,,,,
yolo26n_seg__detstats,tg3k_95615b2f06,tg3k,thyroid,,,,,,,,1,2,1.0,2.0,,
rough_otsu,tg3k_95615b2f06,tg3k,thyroid,0.0,0.0,,,0.0,,0.0,1,2,,,,
rough_otsu__detstats,tg3k_95615b2f06,tg3k,thyroid,,,,,,,,1,2,1.0,2.0,,
refiner_gtbox,tg3k_95615b2f06,tg3k,thyroid,0.0,0.0,,,0.0,,0.0,1,1,,,,
refiner_gtbox__detstats,tg3k_95615b2f06,tg3k,thyroid,,,,,,,,1,1,1.0,1.0,,
rough_otsu_gtbox,tg3k_95615b2f06,tg3k,thyroid,0.0,0.0,,,0.0,,0.0,1,1,,,,
rough_otsu_gtbox__detstats,tg3k_95615b2f06,tg3k,thyroid,,,,,,,,1,1,1.0,1.0,,
yolo26n_seg,tg3k_bb5a47ba96,tg3k,thyroid,0.0,0.0,,,0.0,,0.0,1,1,,,,
yolo26n_seg__detstats,tg3k_bb5a47ba96,tg3k,thyroid,,,,,,,,1,1,1.0,1.0,,
rough_otsu,tg3k_bb5a47ba96,tg3k,thyroid,0.0,0.0,,,0.0,,0.0,1,1,,,,
rough_otsu__detstats,tg3k_bb5a47ba96,tg3k,thyroid,,,,,,,,1,1,1.0,1.0,,
refiner_gtbox,tg3k_bb5a47ba96,tg3k,thyroid,0.0,0.0,,,0.0,,0.0,1,1,,,,
refiner_gtbox__detstats,tg3k_bb5a47ba96,tg3k,thyroid,,,,,,,,1,1,1.0,1.0,,
rough_otsu_gtbox,tg3k_bb5a47ba96,tg3k,thyroid,0.0,0.0,,,0.0,,0.0,1,1,,,,
rough_otsu_gtbox__detstats,tg3k_bb5a47ba96,tg3k,thyroid,,,,,,,,1,1,1.0,1.0,,
yolo26n_seg,tg3k_270939c57c,tg3k,thyroid,0.0,0.0,,,0.0,,0.0,1,1,,,,
yolo26n_seg__detstats,tg3k_270939c57c,tg3k,thyroid,,,,,,,,1,1,1.0,1.0,,
rough_otsu,tg3k_270939c57c,tg3k,thyroid,0.0,0.0,,,0.0,,0.0,1,1,,,,
rough_otsu__detstats,tg3k_270939c57c,tg3k,thyroid,,,,,,,,1,1,1.0,1.0,,
refiner_gtbox,tg3k_270939c57c,tg3k,thyroid,0.0,0.0,,,0.0,,0.0,1,1,,,,
refiner_gtbox__detstats,tg3k_270939c57c,tg3k,thyroid,,,,,,,,1,1,1.0,1.0,,
rough_otsu_gtbox,tg3k_270939c57c,tg3k,thyroid,0.0,0.0,,,0.0,,0.0,1,1,,,,
rough_otsu_gtbox__detstats,tg3k_270939c57c,tg3k,thyroid,,,,,,,,1,1,1.0,1.0,,
yolo26n_seg,tg3k_304f929937,tg3k,thyroid,0.0,0.0,,,0.0,,0.0,1,1,,,,
yolo26n_seg__detstats,tg3k_304f929937,tg3k,thyroid,,,,,,,,1,1,1.0,1.0,,
rough_otsu,tg3k_304f929937,tg3k,thyroid,0.0,0.0,,,0.0,,0.0,1,1,,,,
rough_otsu__detstats,tg3k_304f929937,tg3k,thyroid,,,,,,,,1,1,1.0,1.0,,
refiner_gtbox,tg3k_304f929937,tg3k,thyroid,0.0,0.0,,,0.0,,0.0,1,1,,,,
refiner_gtbox__detstats,tg3k_304f929937,tg3k,thyroid,,,,,,,,1,1,1.0,1.0,,
rough_otsu_gtbox,tg3k_304f929937,tg3k,thyroid,0.0,0.0,,,0.0,,0.0,1,1,,,,
rough_otsu_gtbox__detstats,tg3k_304f929937,tg3k,thyroid,,,,,,,,1,1,1.0,1.0,,
yolo26n_seg,tg3k_55b01bd8e1,tg3k,thyroid,0.0,0.0,,,0.0,,0.0,1,1,,,,
yolo26n_seg__detstats,tg3k_55b01bd8e1,tg3k,thyroid,,,,,,,,1,1,1.0,1.0,,
rough_otsu,tg3k_55b01bd8e1,tg3k,thyroid,0.0,0.0,,,0.0,,0.0,1,1,,,,
rough_otsu__detstats,tg3k_55b01bd8e1,tg3k,thyroid,,,,,,,,1,1,1.0,1.0,,
refiner_gtbox,tg3k_55b01bd8e1,tg3k,thyroid,0.8268821777966823,0.7048585931834663,9.0,2.91873410882134,0.5250392134358621,0.10020202020202021,0.7048586010932922,1,1,,,3.0852231979370117,6.519848823547363
refiner_gtbox__detstats,tg3k_55b01bd8e1,tg3k,thyroid,,,,,,,,1,1,0.0,0.0,,
rough_otsu_gtbox,tg3k_55b01bd8e1,tg3k,thyroid,0.712109955423477,0.552927603115085,16.0,5.876558202429347,0.3054870659032972,0.17535353535353534,0.5529276132583618,1,1,,,6.501654624938965,6.501654624938965
rough_otsu_gtbox__detstats,tg3k_55b01bd8e1,tg3k,thyroid,,,,,,,,1,1,0.0,0.0,,
yolo26n_seg,tg3k_8eff03a93d,tg3k,thyroid,0.0,0.0,,,0.0,,0.0,1,0,,,,
yolo26n_seg__detstats,tg3k_8eff03a93d,tg3k,thyroid,,,,,,,,1,0,1.0,0.0,,
refiner_gtbox,tg3k_8eff03a93d,tg3k,thyroid,0.6686075949367088,0.5021867275147367,24.166091947189145,8.183601874242601,0.1311714781127369,0.4043627549989901,0.5021867156028748,1,1,,,7.786050796508789,10.456424713134766
refiner_gtbox__detstats,tg3k_8eff03a93d,tg3k,thyroid,,,,,,,,1,1,0.0,0.0,,
rough_otsu_gtbox,tg3k_8eff03a93d,tg3k,thyroid,0.0,0.0,,,0.0,,0.0,1,1,,,,
rough_otsu_gtbox__detstats,tg3k_8eff03a93d,tg3k,thyroid,,,,,,,,1,1,1.0,1.0,,
yolo26n_seg,tg3k_8105f6a9db,tg3k,thyroid,0.0,0.0,,,0.0,,0.0,2,0,,,,
yolo26n_seg__detstats,tg3k_8105f6a9db,tg3k,thyroid,,,,,,,,2,0,2.0,0.0,,
refiner_gtbox,tg3k_8105f6a9db,tg3k,thyroid,0.0,0.0,,,0.0,,0.0,2,2,,,,
refiner_gtbox__detstats,tg3k_8105f6a9db,tg3k,thyroid,,,,,,,,2,2,2.0,2.0,,
rough_otsu_gtbox,tg3k_8105f6a9db,tg3k,thyroid,0.0,0.0,,,0.0,,0.0,2,2,,,,
rough_otsu_gtbox__detstats,tg3k_8105f6a9db,tg3k,thyroid,,,,,,,,2,2,2.0,2.0,,
yolo26n_seg,tg3k_bd4deeb4a7,tg3k,thyroid,0.0,0.0,,,0.0,,0.0,1,0,,,,
yolo26n_seg__detstats,tg3k_bd4deeb4a7,tg3k,thyroid,,,,,,,,1,0,1.0,0.0,,
refiner_gtbox,tg3k_bd4deeb4a7,tg3k,thyroid,0.0,0.0,,,0.0,,0.0,1,1,,,,
refiner_gtbox__detstats,tg3k_bd4deeb4a7,tg3k,thyroid,,,,,,,,1,1,1.0,1.0,,
rough_otsu_gtbox,tg3k_bd4deeb4a7,tg3k,thyroid,0.0,0.0,,,0.0,,0.0,1,1,,,,
rough_otsu_gtbox__detstats,tg3k_bd4deeb4a7,tg3k,thyroid,,,,,,,,1,1,1.0,1.0,,
yolo26n_seg,tg3k_7fc79ea6c4,tg3k,thyroid,0.0,0.0,,,0.0,,0.0,1,1,,,,
yolo26n_seg__detstats,tg3k_7fc79ea6c4,tg3k,thyroid,,,,,,,,1,1,1.0,1.0,,
rough_otsu,tg3k_7fc79ea6c4,tg3k,thyroid,0.0,0.0,,,0.0,,0.0,1,1,,,,
rough_otsu__detstats,tg3k_7fc79ea6c4,tg3k,thyroid,,,,,,,,1,1,1.0,1.0,,
refiner_gtbox,tg3k_7fc79ea6c4,tg3k,thyroid,0.0,0.0,,,0.0,,0.0,1,1,,,,
refiner_gtbox__detstats,tg3k_7fc79ea6c4,tg3k,thyroid,,,,,,,,1,1,1.0,1.0,,
rough_otsu_gtbox,tg3k_7fc79ea6c4,tg3k,thyroid,0.0,0.0,,,0.0,,0.0,1,1,,,,
rough_otsu_gtbox__detstats,tg3k_7fc79ea6c4,tg3k,thyroid,,,,,,,,1,1,1.0,1.0,,
yolo26n_seg,tg3k_f97962b4ba,tg3k,thyroid,0.0,0.0,,,0.0,,0.0,1,0,,,,
yolo26n_seg__detstats,tg3k_f97962b4ba,tg3k,thyroid,,,,,,,,1,0,1.0,0.0,,
refiner_gtbox,tg3k_f97962b4ba,tg3k,thyroid,0.0,0.0,,,0.0,,0.0,1,1,,,,
refiner_gtbox__detstats,tg3k_f97962b4ba,tg3k,thyroid,,,,,,,,1,1,1.0,1.0,,
rough_otsu_gtbox,tg3k_f97962b4ba,tg3k,thyroid,0.0,0.0,,,0.0,,0.0,1,1,,,,
rough_otsu_gtbox__detstats,tg3k_f97962b4ba,tg3k,thyroid,,,,,,,,1,1,1.0,1.0,,
yolo26n_seg,tg3k_1cf0b37bb1,tg3k,thyroid,0.0,0.0,,,0.0,,0.0,1,0,,,,
yolo26n_seg__detstats,tg3k_1cf0b37bb1,tg3k,thyroid,,,,,,,,1,0,1.0,0.0,,
refiner_gtbox,tg3k_1cf0b37bb1,tg3k,thyroid,0.0,0.0,,,0.0,,0.0,1,1,,,,
refiner_gtbox__detstats,tg3k_1cf0b37bb1,tg3k,thyroid,,,,,,,,1,1,1.0,1.0,,
rough_otsu_gtbox,tg3k_1cf0b37bb1,tg3k,thyroid,0.0,0.0,,,0.0,,0.0,1,1,,,,
rough_otsu_gtbox__detstats,tg3k_1cf0b37bb1,tg3k,thyroid,,,,,,,,1,1,1.0,1.0,,
yolo26n_seg,tg3k_b85b2538d0,tg3k,thyroid,0.0,0.0,,,0.0,,0.0,1,0,,,,
yolo26n_seg__detstats,tg3k_b85b2538d0,tg3k,thyroid,,,,,,,,1,0,1.0,0.0,,
refiner_gtbox,tg3k_b85b2538d0,tg3k,thyroid,0.0,0.0,,,0.0,,0.0,1,1,,,,
refiner_gtbox__detstats,tg3k_b85b2538d0,tg3k,thyroid,,,,,,,,1,1,1.0,1.0,,
rough_otsu_gtbox,tg3k_b85b2538d0,tg3k,thyroid,0.0,0.0,,,0.0,,0.0,1,1,,,,
rough_otsu_gtbox__detstats,tg3k_b85b2538d0,tg3k,thyroid,,,,,,,,1,1,1.0,1.0,,
yolo26n_seg,tg3k_30729a5e85,tg3k,thyroid,0.0,0.0,,,0.0,,0.0,1,0,,,,
yolo26n_seg__detstats,tg3k_30729a5e85,tg3k,thyroid,,,,,,,,1,0,1.0,0.0,,
refiner_gtbox,tg3k_30729a5e85,tg3k,thyroid,0.0,0.0,,,0.0,,0.0,1,1,,,,
refiner_gtbox__detstats,tg3k_30729a5e85,tg3k,thyroid,,,,,,,,1,1,1.0,1.0,,
rough_otsu_gtbox,tg3k_30729a5e85,tg3k,thyroid,0.0,0.0,,,0.0,,0.0,1,1,,,,
rough_otsu_gtbox__detstats,tg3k_30729a5e85,tg3k,thyroid,,,,,,,,1,1,1.0,1.0,,
yolo26n_seg,tg3k_04cda24dc6,tg3k,thyroid,0.0,0.0,,,0.0,,0.0,1,0,,,,
yolo26n_seg__detstats,tg3k_04cda24dc6,tg3k,thyroid,,,,,,,,1,0,1.0,0.0,,
refiner_gtbox,tg3k_04cda24dc6,tg3k,thyroid,0.0,0.0,,,0.0,,0.0,1,1,,,,
refiner_gtbox__detstats,tg3k_04cda24dc6,tg3k,thyroid,,,,,,,,1,1,1.0,1.0,,
rough_otsu_gtbox,tg3k_04cda24dc6,tg3k,thyroid,0.0,0.0,,,0.0,,0.0,1,1,,,,
rough_otsu_gtbox__detstats,tg3k_04cda24dc6,tg3k,thyroid,,,,,,,,1,1,1.0,1.0,,
yolo26n_seg,tg3k_618b490ddc,tg3k,thyroid,0.0,0.0,,,0.0,,0.0,1,0,,,,
yolo26n_seg__detstats,tg3k_618b490ddc,tg3k,thyroid,,,,,,,,1,0,1.0,0.0,,
refiner_gtbox,tg3k_618b490ddc,tg3k,thyroid,0.8156606851549756,0.6887052341597796,5.0,1.435996077499863,0.7616803278688525,0.20234604105571846,0.6887052059173584,1,1,,,1.499884843826294,2.2991504669189453
refiner_gtbox__detstats,tg3k_618b490ddc,tg3k,thyroid,,,,,,,,1,1,0.0,0.0,,
rough_otsu_gtbox,tg3k_618b490ddc,tg3k,thyroid,0.6858974358974359,0.5219512195121951,7.2628580546923835,2.498579398402608,0.5903614457831327,0.17008797653958943,0.5219511985778809,1,1,,,2.300442934036255,2.300442934036255
rough_otsu_gtbox__detstats,tg3k_618b490ddc,tg3k,thyroid,,,,,,,,1,1,0.0,0.0,,
yolo26n_seg,tg3k_10ae5b17eb,tg3k,thyroid,0.0,0.0,,,0.0,,0.0,2,0,,,,
yolo26n_seg__detstats,tg3k_10ae5b17eb,tg3k,thyroid,,,,,,,,2,0,2.0,0.0,,
refiner_gtbox,tg3k_10ae5b17eb,tg3k,thyroid,0.7926267281105991,0.6564885496183206,2.3249218495867447,0.8507204239646959,0.8970792767732964,0.028037383177570093,0.6564885377883911,2,2,,,0.8550269603729248,1.0053070783615112
refiner_gtbox__detstats,tg3k_10ae5b17eb,tg3k,thyroid,,,,,,,,2,2,1.0,1.0,,
rough_otsu_gtbox,tg3k_10ae5b17eb,tg3k,thyroid,0.7230046948356808,0.5661764705882353,4.76246117974981,1.2930263815358591,0.8018575851393188,0.009345794392523364,0.5661764740943909,2,2,,,1.0040240287780762,1.0040240287780762
rough_otsu_gtbox__detstats,tg3k_10ae5b17eb,tg3k,thyroid,,,,,,,,2,2,1.0,1.0,,
yolo26n_seg,tg3k_5002b7d5de,tg3k,thyroid,0.0,0.0,,,0.0,,0.0,1,1,,,,
yolo26n_seg__detstats,tg3k_5002b7d5de,tg3k,thyroid,,,,,,,,1,1,1.0,1.0,,
rough_otsu,tg3k_5002b7d5de,tg3k,thyroid,0.0,0.0,,,0.0,,0.0,1,1,,,,
rough_otsu__detstats,tg3k_5002b7d5de,tg3k,thyroid,,,,,,,,1,1,1.0,1.0,,
refiner_gtbox,tg3k_5002b7d5de,tg3k,thyroid,0.7418281464082991,0.589607965152458,12.0,5.4723359600497545,0.3017977634124475,0.3532934131736527,0.5896079540252686,1,1,,,5.869266033172607,5.584078311920166
refiner_gtbox__detstats,tg3k_5002b7d5de,tg3k,thyroid,,,,,,,,1,1,0.0,0.0,,
rough_otsu_gtbox,tg3k_5002b7d5de,tg3k,thyroid,0.690238611713666,0.5269956939383902,12.621131264291458,5.031836496038096,0.2940307725356462,0.1234454168585905,0.5269957184791565,1,1,,,5.539668560028076,5.539668560028076
rough_otsu_gtbox__detstats,tg3k_5002b7d5de,tg3k,thyroid,,,,,,,,1,1,0.0,0.0,,
yolo26n_seg,tg3k_a6030d47c5,tg3k,thyroid,0.0,0.0,,,0.0,,0.0,1,0,,,,
yolo26n_seg__detstats,tg3k_a6030d47c5,tg3k,thyroid,,,,,,,,1,0,1.0,0.0,,
refiner_gtbox,tg3k_a6030d47c5,tg3k,thyroid,0.0,0.0,,,0.0,,0.0,1,1,,,,
refiner_gtbox__detstats,tg3k_a6030d47c5,tg3k,thyroid,,,,,,,,1,1,1.0,1.0,,
rough_otsu_gtbox,tg3k_a6030d47c5,tg3k,thyroid,0.0,0.0,,,0.0,,0.0,1,1,,,,
rough_otsu_gtbox__detstats,tg3k_a6030d47c5,tg3k,thyroid,,,,,,,,1,1,1.0,1.0,,
yolo26n_seg,tg3k_83de273488,tg3k,thyroid,0.0,0.0,,,0.0,,0.0,2,0,,,,
yolo26n_seg__detstats,tg3k_83de273488,tg3k,thyroid,,,,,,,,2,0,2.0,0.0,,
refiner_gtbox,tg3k_83de273488,tg3k,thyroid,0.0,0.0,,,0.0,,0.0,2,2,,,,
refiner_gtbox__detstats,tg3k_83de273488,tg3k,thyroid,,,,,,,,2,2,2.0,2.0,,
rough_otsu_gtbox,tg3k_83de273488,tg3k,thyroid,0.0,0.0,,,0.0,,0.0,2,2,,,,
rough_otsu_gtbox__detstats,tg3k_83de273488,tg3k,thyroid,,,,,,,,2,2,2.0,2.0,,
yolo26n_seg,tg3k_fd56715a76,tg3k,thyroid,0.0,0.0,,,0.0,,0.0,2,0,,,,
yolo26n_seg__detstats,tg3k_fd56715a76,tg3k,thyroid,,,,,,,,2,0,2.0,0.0,,
refiner_gtbox,tg3k_fd56715a76,tg3k,thyroid,0.0,0.0,,,0.0,,0.0,2,2,,,,
refiner_gtbox__detstats,tg3k_fd56715a76,tg3k,thyroid,,,,,,,,2,2,2.0,2.0,,
rough_otsu_gtbox,tg3k_fd56715a76,tg3k,thyroid,0.0,0.0,,,0.0,,0.0,2,2,,,,
rough_otsu_gtbox__detstats,tg3k_fd56715a76,tg3k,thyroid,,,,,,,,2,2,2.0,2.0,,
yolo26n_seg,tg3k_835848f9b5,tg3k,thyroid,0.0,0.0,,,0.0,,0.0,2,0,,,,
yolo26n_seg__detstats,tg3k_835848f9b5,tg3k,thyroid,,,,,,,,2,0,2.0,0.0,,
refiner_gtbox,tg3k_835848f9b5,tg3k,thyroid,0.7526111608475082,0.6033492822966507,19.18321970681993,6.519491706779171,0.2591784578944088,0.316926167754897,0.6033492684364319,2,2,,,6.2540082931518555,9.04446792602539
refiner_gtbox__detstats,tg3k_835848f9b5,tg3k,thyroid,,,,,,,,2,2,1.0,1.0,,
rough_otsu_gtbox,tg3k_835848f9b5,tg3k,thyroid,0.0,0.0,,,0.0,,0.0,2,2,,,,
rough_otsu_gtbox__detstats,tg3k_835848f9b5,tg3k,thyroid,,,,,,,,2,2,2.0,2.0,,
yolo26n_seg,tg3k_2f8119a5d8,tg3k,thyroid,0.0,0.0,,,0.0,,0.0,2,0,,,,
yolo26n_seg__detstats,tg3k_2f8119a5d8,tg3k,thyroid,,,,,,,,2,0,2.0,0.0,,
refiner_gtbox,tg3k_2f8119a5d8,tg3k,thyroid,0.8386524822695035,0.7221374045801526,8.54400374531753,4.105605206260693,0.24314442413162707,0.2715292675452038,0.7221373915672302,2,2,,,3.9686453342437744,5.766613006591797
refiner_gtbox__detstats,tg3k_2f8119a5d8,tg3k,thyroid,,,,,,,,2,2,1.0,1.0,,
rough_otsu_gtbox,tg3k_2f8119a5d8,tg3k,thyroid,0.8418472652218782,0.726887948318111,14.0,5.17252581222173,0.34319846819846817,0.37572785779957096,0.7268879413604736,2,2,,,5.781561851501465,5.781561851501465
rough_otsu_gtbox__detstats,tg3k_2f8119a5d8,tg3k,thyroid,,,,,,,,2,2,1.0,1.0,,
yolo26n_seg,tg3k_b00b611616,tg3k,thyroid,0.0,0.0,,,0.0,,0.0,1,0,,,,
yolo26n_seg__detstats,tg3k_b00b611616,tg3k,thyroid,,,,,,,,1,0,1.0,0.0,,
refiner_gtbox,tg3k_b00b611616,tg3k,thyroid,0.0,0.0,,,0.0,,0.0,1,1,,,,
refiner_gtbox__detstats,tg3k_b00b611616,tg3k,thyroid,,,,,,,,1,1,1.0,1.0,,
rough_otsu_gtbox,tg3k_b00b611616,tg3k,thyroid,0.0,0.0,,,0.0,,0.0,1,1,,,,
rough_otsu_gtbox__detstats,tg3k_b00b611616,tg3k,thyroid,,,,,,,,1,1,1.0,1.0,,
yolo26n_seg,tg3k_ba158508b8,tg3k,thyroid,0.0,0.0,,,0.0,,0.0,1,0,,,,
yolo26n_seg__detstats,tg3k_ba158508b8,tg3k,thyroid,,,,,,,,1,0,1.0,0.0,,
refiner_gtbox,tg3k_ba158508b8,tg3k,thyroid,0.0,0.0,,,0.0,,0.0,1,1,,,,
refiner_gtbox__detstats,tg3k_ba158508b8,tg3k,thyroid,,,,,,,,1,1,1.0,1.0,,
rough_otsu_gtbox,tg3k_ba158508b8,tg3k,thyroid,0.0,0.0,,,0.0,,0.0,1,1,,,,
rough_otsu_gtbox__detstats,tg3k_ba158508b8,tg3k,thyroid,,,,,,,,1,1,1.0,1.0,,
yolo26n_seg,tg3k_76b5d89479,tg3k,thyroid,0.0,0.0,,,0.0,,0.0,1,0,,,,
yolo26n_seg__detstats,tg3k_76b5d89479,tg3k,thyroid,,,,,,,,1,0,1.0,0.0,,
refiner_gtbox,tg3k_76b5d89479,tg3k,thyroid,0.0,0.0,,,0.0,,0.0,1,1,,,,
refiner_gtbox__detstats,tg3k_76b5d89479,tg3k,thyroid,,,,,,,,1,1,1.0,1.0,,
rough_otsu_gtbox,tg3k_76b5d89479,tg3k,thyroid,0.0,0.0,,,0.0,,0.0,1,1,,,,
rough_otsu_gtbox__detstats,tg3k_76b5d89479,tg3k,thyroid,,,,,,,,1,1,1.0,1.0,,
yolo26n_seg,tg3k_26ee11847c,tg3k,thyroid,0.0,0.0,,,0.0,,0.0,1,1,,,,
yolo26n_seg__detstats,tg3k_26ee11847c,tg3k,thyroid,,,,,,,,1,1,1.0,1.0,,
rough_otsu,tg3k_26ee11847c,tg3k,thyroid,0.0,0.0,,,0.0,,0.0,1,1,,,,
rough_otsu__detstats,tg3k_26ee11847c,tg3k,thyroid,,,,,,,,1,1,1.0,1.0,,
refiner_gtbox,tg3k_26ee11847c,tg3k,thyroid,0.0,0.0,,,0.0,,0.0,1,1,,,,
refiner_gtbox__detstats,tg3k_26ee11847c,tg3k,thyroid,,,,,,,,1,1,1.0,1.0,,
rough_otsu_gtbox,tg3k_26ee11847c,tg3k,thyroid,0.0,0.0,,,0.0,,0.0,1,1,,,,
rough_otsu_gtbox__detstats,tg3k_26ee11847c,tg3k,thyroid,,,,,,,,1,1,1.0,1.0,,
yolo26n_seg,tg3k_913dbf8a39,tg3k,thyroid,0.0,0.0,,,0.0,,0.0,1,0,,,,
yolo26n_seg__detstats,tg3k_913dbf8a39,tg3k,thyroid,,,,,,,,1,0,1.0,0.0,,
refiner_gtbox,tg3k_913dbf8a39,tg3k,thyroid,0.0,0.0,,,0.0,,0.0,1,1,,,,
refiner_gtbox__detstats,tg3k_913dbf8a39,tg3k,thyroid,,,,,,,,1,1,1.0,1.0,,
rough_otsu_gtbox,tg3k_913dbf8a39,tg3k,thyroid,0.0,0.0,,,0.0,,0.0,1,1,,,,
rough_otsu_gtbox__detstats,tg3k_913dbf8a39,tg3k,thyroid,,,,,,,,1,1,1.0,1.0,,
yolo26n_seg,tg3k_97b03b5ca1,tg3k,thyroid,0.0,0.0,,,0.0,,0.0,1,0,,,,
yolo26n_seg__detstats,tg3k_97b03b5ca1,tg3k,thyroid,,,,,,,,1,0,1.0,0.0,,
refiner_gtbox,tg3k_97b03b5ca1,tg3k,thyroid,0.0,0.0,,,0.0,,0.0,1,1,,,,
refiner_gtbox__detstats,tg3k_97b03b5ca1,tg3k,thyroid,,,,,,,,1,1,1.0,1.0,,
rough_otsu_gtbox,tg3k_97b03b5ca1,tg3k,thyroid,0.0,0.0,,,0.0,,0.0,1,1,,,,
rough_otsu_gtbox__detstats,tg3k_97b03b5ca1,tg3k,thyroid,,,,,,,,1,1,1.0,1.0,,
yolo26n_seg,tg3k_d70894e200,tg3k,thyroid,0.0,0.0,,,0.0,,0.0,1,0,,,,
yolo26n_seg__detstats,tg3k_d70894e200,tg3k,thyroid,,,,,,,,1,0,1.0,0.0,,
refiner_gtbox,tg3k_d70894e200,tg3k,thyroid,0.0,0.0,,,0.0,,0.0,1,1,,,,
refiner_gtbox__detstats,tg3k_d70894e200,tg3k,thyroid,,,,,,,,1,1,1.0,1.0,,
rough_otsu_gtbox,tg3k_d70894e200,tg3k,thyroid,0.0,0.0,,,0.0,,0.0,1,1,,,,
rough_otsu_gtbox__detstats,tg3k_d70894e200,tg3k,thyroid,,,,,,,,1,1,1.0,1.0,,
yolo26n_seg,tg3k_4d13d912f0,tg3k,thyroid,0.0,0.0,,,0.0,,0.0,1,0,,,,
yolo26n_seg__detstats,tg3k_4d13d912f0,tg3k,thyroid,,,,,,,,1,0,1.0,0.0,,
refiner_gtbox,tg3k_4d13d912f0,tg3k,thyroid,0.0,0.0,,,0.0,,0.0,1,1,,,,
refiner_gtbox__detstats,tg3k_4d13d912f0,tg3k,thyroid,,,,,,,,1,1,1.0,1.0,,
rough_otsu_gtbox,tg3k_4d13d912f0,tg3k,thyroid,0.0,0.0,,,0.0,,0.0,1,1,,,,
rough_otsu_gtbox__detstats,tg3k_4d13d912f0,tg3k,thyroid,,,,,,,,1,1,1.0,1.0,,
yolo26n_seg,tg3k_96177c6a93,tg3k,thyroid,0.0,0.0,,,0.0,,0.0,1,0,,,,
yolo26n_seg__detstats,tg3k_96177c6a93,tg3k,thyroid,,,,,,,,1,0,1.0,0.0,,
refiner_gtbox,tg3k_96177c6a93,tg3k,thyroid,0.0,0.0,,,0.0,,0.0,1,1,,,,
refiner_gtbox__detstats,tg3k_96177c6a93,tg3k,thyroid,,,,,,,,1,1,1.0,1.0,,
rough_otsu_gtbox,tg3k_96177c6a93,tg3k,thyroid,0.0,0.0,,,0.0,,0.0,1,1,,,,
rough_otsu_gtbox__detstats,tg3k_96177c6a93,tg3k,thyroid,,,,,,,,1,1,1.0,1.0,,
yolo26n_seg,tg3k_850752d759,tg3k,thyroid,0.0,0.0,,,0.0,,0.0,1,0,,,,
yolo26n_seg__detstats,tg3k_850752d759,tg3k,thyroid,,,,,,,,1,0,1.0,0.0,,
refiner_gtbox,tg3k_850752d759,tg3k,thyroid,0.0,0.0,,,0.0,,0.0,1,1,,,,
refiner_gtbox__detstats,tg3k_850752d759,tg3k,thyroid,,,,,,,,1,1,1.0,1.0,,
rough_otsu_gtbox,tg3k_850752d759,tg3k,thyroid,0.0,0.0,,,0.0,,0.0,1,1,,,,
rough_otsu_gtbox__detstats,tg3k_850752d759,tg3k,thyroid,,,,,,,,1,1,1.0,1.0,,
yolo26n_seg,tg3k_b6dfd2eeb7,tg3k,thyroid,0.0,0.0,,,0.0,,0.0,1,0,,,,
yolo26n_seg__detstats,tg3k_b6dfd2eeb7,tg3k,thyroid,,,,,,,,1,0,1.0,0.0,,
refiner_gtbox,tg3k_b6dfd2eeb7,tg3k,thyroid,0.0,0.0,,,0.0,,0.0,1,1,,,,
refiner_gtbox__detstats,tg3k_b6dfd2eeb7,tg3k,thyroid,,,,,,,,1,1,1.0,1.0,,
rough_otsu_gtbox,tg3k_b6dfd2eeb7,tg3k,thyroid,0.0,0.0,,,0.0,,0.0,1,1,,,,
rough_otsu_gtbox__detstats,tg3k_b6dfd2eeb7,tg3k,thyroid,,,,,,,,1,1,1.0,1.0,,
yolo26n_seg,tg3k_976842c427,tg3k,thyroid,0.0,0.0,,,0.0,,0.0,1,2,,,,
yolo26n_seg__detstats,tg3k_976842c427,tg3k,thyroid,,,,,,,,1,2,1.0,2.0,,
rough_otsu,tg3k_976842c427,tg3k,thyroid,0.0,0.0,,,0.0,,0.0,1,2,,,,
rough_otsu__detstats,tg3k_976842c427,tg3k,thyroid,,,,,,,,1,2,1.0,2.0,,
refiner_gtbox,tg3k_976842c427,tg3k,thyroid,0.0,0.0,,,0.0,,0.0,1,1,,,,
refiner_gtbox__detstats,tg3k_976842c427,tg3k,thyroid,,,,,,,,1,1,1.0,1.0,,
rough_otsu_gtbox,tg3k_976842c427,tg3k,thyroid,0.0,0.0,,,0.0,,0.0,1,1,,,,
rough_otsu_gtbox__detstats,tg3k_976842c427,tg3k,thyroid,,,,,,,,1,1,1.0,1.0,,
yolo26n_seg,tg3k_b8aed614c2,tg3k,thyroid,0.0,0.0,,,0.0,,0.0,1,1,,,,
yolo26n_seg__detstats,tg3k_b8aed614c2,tg3k,thyroid,,,,,,,,1,1,1.0,1.0,,
rough_otsu,tg3k_b8aed614c2,tg3k,thyroid,0.0,0.0,,,0.0,,0.0,1,1,,,,
rough_otsu__detstats,tg3k_b8aed614c2,tg3k,thyroid,,,,,,,,1,1,1.0,1.0,,
refiner_gtbox,tg3k_b8aed614c2,tg3k,thyroid,0.0,0.0,,,0.0,,0.0,1,1,,,,
refiner_gtbox__detstats,tg3k_b8aed614c2,tg3k,thyroid,,,,,,,,1,1,1.0,1.0,,
rough_otsu_gtbox,tg3k_b8aed614c2,tg3k,thyroid,0.0,0.0,,,0.0,,0.0,1,1,,,,
rough_otsu_gtbox__detstats,tg3k_b8aed614c2,tg3k,thyroid,,,,,,,,1,1,1.0,1.0,,
yolo26n_seg,tg3k_860bc2dfd9,tg3k,thyroid,0.0,0.0,,,0.0,,0.0,1,0,,,,
yolo26n_seg__detstats,tg3k_860bc2dfd9,tg3k,thyroid,,,,,,,,1,0,1.0,0.0,,
refiner_gtbox,tg3k_860bc2dfd9,tg3k,thyroid,0.0,0.0,,,0.0,,0.0,1,1,,,,
refiner_gtbox__detstats,tg3k_860bc2dfd9,tg3k,thyroid,,,,,,,,1,1,1.0,1.0,,
rough_otsu_gtbox,tg3k_860bc2dfd9,tg3k,thyroid,0.0,0.0,,,0.0,,0.0,1,1,,,,
rough_otsu_gtbox__detstats,tg3k_860bc2dfd9,tg3k,thyroid,,,,,,,,1,1,1.0,1.0,,
yolo26n_seg,tg3k_d0d83eabfe,tg3k,thyroid,0.0,0.0,,,0.0,,0.0,1,2,,,,
yolo26n_seg__detstats,tg3k_d0d83eabfe,tg3k,thyroid,,,,,,,,1,2,1.0,2.0,,
rough_otsu,tg3k_d0d83eabfe,tg3k,thyroid,0.0,0.0,,,0.0,,0.0,1,2,,,,
rough_otsu__detstats,tg3k_d0d83eabfe,tg3k,thyroid,,,,,,,,1,2,1.0,2.0,,
refiner_gtbox,tg3k_d0d83eabfe,tg3k,thyroid,0.0,0.0,,,0.0,,0.0,1,1,,,,
refiner_gtbox__detstats,tg3k_d0d83eabfe,tg3k,thyroid,,,,,,,,1,1,1.0,1.0,,
rough_otsu_gtbox,tg3k_d0d83eabfe,tg3k,thyroid,0.0,0.0,,,0.0,,0.0,1,1,,,,
rough_otsu_gtbox__detstats,tg3k_d0d83eabfe,tg3k,thyroid,,,,,,,,1,1,1.0,1.0,,
yolo26n_seg,tg3k_19caf88d12,tg3k,thyroid,0.0,0.0,,,0.0,,0.0,1,0,,,,
yolo26n_seg__detstats,tg3k_19caf88d12,tg3k,thyroid,,,,,,,,1,0,1.0,0.0,,
refiner_gtbox,tg3k_19caf88d12,tg3k,thyroid,0.0,0.0,,,0.0,,0.0,1,1,,,,
refiner_gtbox__detstats,tg3k_19caf88d12,tg3k,thyroid,,,,,,,,1,1,1.0,1.0,,
rough_otsu_gtbox,tg3k_19caf88d12,tg3k,thyroid,0.0,0.0,,,0.0,,0.0,1,1,,,,
rough_otsu_gtbox__detstats,tg3k_19caf88d12,tg3k,thyroid,,,,,,,,1,1,1.0,1.0,,
yolo26n_seg,tg3k_27914a0c49,tg3k,thyroid,0.0,0.0,,,0.0,,0.0,1,0,,,,
yolo26n_seg__detstats,tg3k_27914a0c49,tg3k,thyroid,,,,,,,,1,0,1.0,0.0,,
refiner_gtbox,tg3k_27914a0c49,tg3k,thyroid,0.0,0.0,,,0.0,,0.0,1,1,,,,
refiner_gtbox__detstats,tg3k_27914a0c49,tg3k,thyroid,,,,,,,,1,1,1.0,1.0,,
rough_otsu_gtbox,tg3k_27914a0c49,tg3k,thyroid,0.0,0.0,,,0.0,,0.0,1,1,,,,
rough_otsu_gtbox__detstats,tg3k_27914a0c49,tg3k,thyroid,,,,,,,,1,1,1.0,1.0,,
yolo26n_seg,tg3k_3f659fe66c,tg3k,thyroid,0.0,0.0,,,0.0,,0.0,1,0,,,,
yolo26n_seg__detstats,tg3k_3f659fe66c,tg3k,thyroid,,,,,,,,1,0,1.0,0.0,,
refiner_gtbox,tg3k_3f659fe66c,tg3k,thyroid,0.0,0.0,,,0.0,,0.0,1,1,,,,
refiner_gtbox__detstats,tg3k_3f659fe66c,tg3k,thyroid,,,,,,,,1,1,1.0,1.0,,
rough_otsu_gtbox,tg3k_3f659fe66c,tg3k,thyroid,0.0,0.0,,,0.0,,0.0,1,1,,,,
rough_otsu_gtbox__detstats,tg3k_3f659fe66c,tg3k,thyroid,,,,,,,,1,1,1.0,1.0,,
yolo26n_seg,tg3k_4dc637fded,tg3k,thyroid,0.0,0.0,,,0.0,,0.0,1,0,,,,
yolo26n_seg__detstats,tg3k_4dc637fded,tg3k,thyroid,,,,,,,,1,0,1.0,0.0,,
refiner_gtbox,tg3k_4dc637fded,tg3k,thyroid,0.0,0.0,,,0.0,,0.0,1,1,,,,
refiner_gtbox__detstats,tg3k_4dc637fded,tg3k,thyroid,,,,,,,,1,1,1.0,1.0,,
rough_otsu_gtbox,tg3k_4dc637fded,tg3k,thyroid,0.0,0.0,,,0.0,,0.0,1,1,,,,
rough_otsu_gtbox__detstats,tg3k_4dc637fded,tg3k,thyroid,,,,,,,,1,1,1.0,1.0,,
yolo26n_seg,tg3k_fd190461b9,tg3k,thyroid,0.0,0.0,,,0.0,,0.0,1,0,,,,
yolo26n_seg__detstats,tg3k_fd190461b9,tg3k,thyroid,,,,,,,,1,0,1.0,0.0,,
refiner_gtbox,tg3k_fd190461b9,tg3k,thyroid,0.0,0.0,,,0.0,,0.0,1,1,,,,
refiner_gtbox__detstats,tg3k_fd190461b9,tg3k,thyroid,,,,,,,,1,1,1.0,1.0,,
rough_otsu_gtbox,tg3k_fd190461b9,tg3k,thyroid,0.0,0.0,,,0.0,,0.0,1,1,,,,
rough_otsu_gtbox__detstats,tg3k_fd190461b9,tg3k,thyroid,,,,,,,,1,1,1.0,1.0,,
yolo26n_seg,tg3k_3a7953593f,tg3k,thyroid,0.0,0.0,,,0.0,,0.0,1,0,,,,
yolo26n_seg__detstats,tg3k_3a7953593f,tg3k,thyroid,,,,,,,,1,0,1.0,0.0,,
refiner_gtbox,tg3k_3a7953593f,tg3k,thyroid,0.0,0.0,,,0.0,,0.0,1,1,,,,
refiner_gtbox__detstats,tg3k_3a7953593f,tg3k,thyroid,,,,,,,,1,1,1.0,1.0,,
rough_otsu_gtbox,tg3k_3a7953593f,tg3k,thyroid,0.0,0.0,,,0.0,,0.0,1,1,,,,
rough_otsu_gtbox__detstats,tg3k_3a7953593f,tg3k,thyroid,,,,,,,,1,1,1.0,1.0,,
yolo26n_seg,tg3k_0ae2e2ca0d,tg3k,thyroid,0.0,0.0,,,0.0,,0.0,1,0,,,,
yolo26n_seg__detstats,tg3k_0ae2e2ca0d,tg3k,thyroid,,,,,,,,1,0,1.0,0.0,,
refiner_gtbox,tg3k_0ae2e2ca0d,tg3k,thyroid,0.0,0.0,,,0.0,,0.0,1,1,,,,
refiner_gtbox__detstats,tg3k_0ae2e2ca0d,tg3k,thyroid,,,,,,,,1,1,1.0,1.0,,
rough_otsu_gtbox,tg3k_0ae2e2ca0d,tg3k,thyroid,0.0,0.0,,,0.0,,0.0,1,1,,,,
rough_otsu_gtbox__detstats,tg3k_0ae2e2ca0d,tg3k,thyroid,,,,,,,,1,1,1.0,1.0,,
yolo26n_seg,tg3k_5e1d5ea09e,tg3k,thyroid,0.0,0.0,,,0.0,,0.0,1,0,,,,
yolo26n_seg__detstats,tg3k_5e1d5ea09e,tg3k,thyroid,,,,,,,,1,0,1.0,0.0,,
refiner_gtbox,tg3k_5e1d5ea09e,tg3k,thyroid,0.0,0.0,,,0.0,,0.0,1,1,,,,
refiner_gtbox__detstats,tg3k_5e1d5ea09e,tg3k,thyroid,,,,,,,,1,1,1.0,1.0,,
rough_otsu_gtbox,tg3k_5e1d5ea09e,tg3k,thyroid,0.0,0.0,,,0.0,,0.0,1,1,,,,
rough_otsu_gtbox__detstats,tg3k_5e1d5ea09e,tg3k,thyroid,,,,,,,,1,1,1.0,1.0,,
yolo26n_seg,tg3k_ed602ded89,tg3k,thyroid,0.0,0.0,,,0.0,,0.0,1,0,,,,
yolo26n_seg__detstats,tg3k_ed602ded89,tg3k,thyroid,,,,,,,,1,0,1.0,0.0,,
refiner_gtbox,tg3k_ed602ded89,tg3k,thyroid,0.0,0.0,,,0.0,,0.0,1,1,,,,
refiner_gtbox__detstats,tg3k_ed602ded89,tg3k,thyroid,,,,,,,,1,1,1.0,1.0,,
rough_otsu_gtbox,tg3k_ed602ded89,tg3k,thyroid,0.0,0.0,,,0.0,,0.0,1,1,,,,
rough_otsu_gtbox__detstats,tg3k_ed602ded89,tg3k,thyroid,,,,,,,,1,1,1.0,1.0,,
yolo26n_seg,tg3k_11877564e0,tg3k,thyroid,0.0,0.0,,,0.0,,0.0,1,1,,,,
yolo26n_seg__detstats,tg3k_11877564e0,tg3k,thyroid,,,,,,,,1,1,1.0,1.0,,
rough_otsu,tg3k_11877564e0,tg3k,thyroid,0.0,0.0,,,0.0,,0.0,1,1,,,,
rough_otsu__detstats,tg3k_11877564e0,tg3k,thyroid,,,,,,,,1,1,1.0,1.0,,
refiner_gtbox,tg3k_11877564e0,tg3k,thyroid,0.0,0.0,,,0.0,,0.0,1,1,,,,
refiner_gtbox__detstats,tg3k_11877564e0,tg3k,thyroid,,,,,,,,1,1,1.0,1.0,,
rough_otsu_gtbox,tg3k_11877564e0,tg3k,thyroid,0.0,0.0,,,0.0,,0.0,1,1,,,,
rough_otsu_gtbox__detstats,tg3k_11877564e0,tg3k,thyroid,,,,,,,,1,1,1.0,1.0,,
yolo26n_seg,tg3k_08de1b0dd3,tg3k,thyroid,0.0,0.0,,,0.0,,0.0,1,1,,,,
yolo26n_seg__detstats,tg3k_08de1b0dd3,tg3k,thyroid,,,,,,,,1,1,1.0,1.0,,
rough_otsu,tg3k_08de1b0dd3,tg3k,thyroid,0.0,0.0,,,0.0,,0.0,1,1,,,,
rough_otsu__detstats,tg3k_08de1b0dd3,tg3k,thyroid,,,,,,,,1,1,1.0,1.0,,
refiner_gtbox,tg3k_08de1b0dd3,tg3k,thyroid,0.8308977035490606,0.7107142857142857,5.0,2.026923490932189,0.5898163356726893,0.012605042016806723,0.7107142806053162,1,1,,,2.0291552543640137,3.884122133255005
refiner_gtbox__detstats,tg3k_08de1b0dd3,tg3k,thyroid,,,,,,,,1,1,0.0,0.0,,
rough_otsu_gtbox,tg3k_08de1b0dd3,tg3k,thyroid,0.7786259541984732,0.6375,10.0,3.4698819507657057,0.4862579281183932,0.5686274509803921,0.637499988079071,1,1,,,3.8867008686065674,3.8867008686065674
rough_otsu_gtbox__detstats,tg3k_08de1b0dd3,tg3k,thyroid,,,,,,,,1,1,0.0,0.0,,
yolo26n_seg,tg3k_b836d309e3,tg3k,thyroid,0.0,0.0,,,0.0,,0.0,1,0,,,,
yolo26n_seg__detstats,tg3k_b836d309e3,tg3k,thyroid,,,,,,,,1,0,1.0,0.0,,
refiner_gtbox,tg3k_b836d309e3,tg3k,thyroid,0.0,0.0,,,0.0,,0.0,1,1,,,,
refiner_gtbox__detstats,tg3k_b836d309e3,tg3k,thyroid,,,,,,,,1,1,1.0,1.0,,
rough_otsu_gtbox,tg3k_b836d309e3,tg3k,thyroid,0.0,0.0,,,0.0,,0.0,1,1,,,,
rough_otsu_gtbox__detstats,tg3k_b836d309e3,tg3k,thyroid,,,,,,,,1,1,1.0,1.0,,
yolo26n_seg,tg3k_b431770639,tg3k,thyroid,0.0,0.0,,,0.0,,0.0,1,0,,,,
yolo26n_seg__detstats,tg3k_b431770639,tg3k,thyroid,,,,,,,,1,0,1.0,0.0,,
refiner_gtbox,tg3k_b431770639,tg3k,thyroid,0.0,0.0,,,0.0,,0.0,1,1,,,,
refiner_gtbox__detstats,tg3k_b431770639,tg3k,thyroid,,,,,,,,1,1,1.0,1.0,,
rough_otsu_gtbox,tg3k_b431770639,tg3k,thyroid,0.0,0.0,,,0.0,,0.0,1,1,,,,
rough_otsu_gtbox__detstats,tg3k_b431770639,tg3k,thyroid,,,,,,,,1,1,1.0,1.0,,
yolo26n_seg,tg3k_a636546766,tg3k,thyroid,0.0,0.0,,,0.0,,0.0,1,1,,,,
yolo26n_seg__detstats,tg3k_a636546766,tg3k,thyroid,,,,,,,,1,1,1.0,1.0,,
rough_otsu,tg3k_a636546766,tg3k,thyroid,0.0,0.0,,,0.0,,0.0,1,1,,,,
rough_otsu__detstats,tg3k_a636546766,tg3k,thyroid,,,,,,,,1,1,1.0,1.0,,
refiner_gtbox,tg3k_a636546766,tg3k,thyroid,0.0,0.0,,,0.0,,0.0,1,1,,,,
refiner_gtbox__detstats,tg3k_a636546766,tg3k,thyroid,,,,,,,,1,1,1.0,1.0,,
rough_otsu_gtbox,tg3k_a636546766,tg3k,thyroid,0.0,0.0,,,0.0,,0.0,1,1,,,,
rough_otsu_gtbox__detstats,tg3k_a636546766,tg3k,thyroid,,,,,,,,1,1,1.0,1.0,,
yolo26n_seg,tg3k_67b2edd919,tg3k,thyroid,0.0,0.0,,,0.0,,0.0,1,0,,,,
yolo26n_seg__detstats,tg3k_67b2edd919,tg3k,thyroid,,,,,,,,1,0,1.0,0.0,,
refiner_gtbox,tg3k_67b2edd919,tg3k,thyroid,0.0,0.0,,,0.0,,0.0,1,1,,,,
refiner_gtbox__detstats,tg3k_67b2edd919,tg3k,thyroid,,,,,,,,1,1,1.0,1.0,,
rough_otsu_gtbox,tg3k_67b2edd919,tg3k,thyroid,0.0,0.0,,,0.0,,0.0,1,1,,,,
rough_otsu_gtbox__detstats,tg3k_67b2edd919,tg3k,thyroid,,,,,,,,1,1,1.0,1.0,,
yolo26n_seg,tg3k_080a9e5682,tg3k,thyroid,0.0,0.0,,,0.0,,0.0,1,0,,,,
yolo26n_seg__detstats,tg3k_080a9e5682,tg3k,thyroid,,,,,,,,1,0,1.0,0.0,,
refiner_gtbox,tg3k_080a9e5682,tg3k,thyroid,0.0,0.0,,,0.0,,0.0,1,1,,,,
refiner_gtbox__detstats,tg3k_080a9e5682,tg3k,thyroid,,,,,,,,1,1,1.0,1.0,,
rough_otsu_gtbox,tg3k_080a9e5682,tg3k,thyroid,0.0,0.0,,,0.0,,0.0,1,1,,,,
rough_otsu_gtbox__detstats,tg3k_080a9e5682,tg3k,thyroid,,,,,,,,1,1,1.0,1.0,,
yolo26n_seg,tg3k_8697515fc5,tg3k,thyroid,0.0,0.0,,,0.0,,0.0,1,0,,,,
yolo26n_seg__detstats,tg3k_8697515fc5,tg3k,thyroid,,,,,,,,1,0,1.0,0.0,,
refiner_gtbox,tg3k_8697515fc5,tg3k,thyroid,0.0,0.0,,,0.0,,0.0,1,1,,,,
refiner_gtbox__detstats,tg3k_8697515fc5,tg3k,thyroid,,,,,,,,1,1,1.0,1.0,,
rough_otsu_gtbox,tg3k_8697515fc5,tg3k,thyroid,0.0,0.0,,,0.0,,0.0,1,1,,,,
rough_otsu_gtbox__detstats,tg3k_8697515fc5,tg3k,thyroid,,,,,,,,1,1,1.0,1.0,,
yolo26n_seg,tg3k_7d4d14049c,tg3k,thyroid,0.0,0.0,,,0.0,,0.0,1,0,,,,
yolo26n_seg__detstats,tg3k_7d4d14049c,tg3k,thyroid,,,,,,,,1,0,1.0,0.0,,
refiner_gtbox,tg3k_7d4d14049c,tg3k,thyroid,0.0,0.0,,,0.0,,0.0,1,1,,,,
refiner_gtbox__detstats,tg3k_7d4d14049c,tg3k,thyroid,,,,,,,,1,1,1.0,1.0,,
rough_otsu_gtbox,tg3k_7d4d14049c,tg3k,thyroid,0.0,0.0,,,0.0,,0.0,1,1,,,,
rough_otsu_gtbox__detstats,tg3k_7d4d14049c,tg3k,thyroid,,,,,,,,1,1,1.0,1.0,,
yolo26n_seg,tg3k_e4fdb65ee6,tg3k,thyroid,0.0,0.0,,,0.0,,0.0,1,0,,,,
yolo26n_seg__detstats,tg3k_e4fdb65ee6,tg3k,thyroid,,,,,,,,1,0,1.0,0.0,,
refiner_gtbox,tg3k_e4fdb65ee6,tg3k,thyroid,0.0,0.0,,,0.0,,0.0,1,1,,,,
refiner_gtbox__detstats,tg3k_e4fdb65ee6,tg3k,thyroid,,,,,,,,1,1,1.0,1.0,,
rough_otsu_gtbox,tg3k_e4fdb65ee6,tg3k,thyroid,0.0,0.0,,,0.0,,0.0,1,1,,,,
rough_otsu_gtbox__detstats,tg3k_e4fdb65ee6,tg3k,thyroid,,,,,,,,1,1,1.0,1.0,,
yolo26n_seg,tg3k_189982d934,tg3k,thyroid,0.0,0.0,,,0.0,,0.0,1,0,,,,
yolo26n_seg__detstats,tg3k_189982d934,tg3k,thyroid,,,,,,,,1,0,1.0,0.0,,
refiner_gtbox,tg3k_189982d934,tg3k,thyroid,0.0,0.0,,,0.0,,0.0,1,1,,,,
refiner_gtbox__detstats,tg3k_189982d934,tg3k,thyroid,,,,,,,,1,1,1.0,1.0,,
rough_otsu_gtbox,tg3k_189982d934,tg3k,thyroid,0.0,0.0,,,0.0,,0.0,1,1,,,,
rough_otsu_gtbox__detstats,tg3k_189982d934,tg3k,thyroid,,,,,,,,1,1,1.0,1.0,,
yolo26n_seg,tg3k_c843c346e1,tg3k,thyroid,0.0,0.0,,,0.0,,0.0,1,1,,,,
yolo26n_seg__detstats,tg3k_c843c346e1,tg3k,thyroid,,,,,,,,1,1,1.0,1.0,,
rough_otsu,tg3k_c843c346e1,tg3k,thyroid,0.0,0.0,,,0.0,,0.0,1,1,,,,
rough_otsu__detstats,tg3k_c843c346e1,tg3k,thyroid,,,,,,,,1,1,1.0,1.0,,
refiner_gtbox,tg3k_c843c346e1,tg3k,thyroid,0.0,0.0,,,0.0,,0.0,1,1,,,,
refiner_gtbox__detstats,tg3k_c843c346e1,tg3k,thyroid,,,,,,,,1,1,1.0,1.0,,
rough_otsu_gtbox,tg3k_c843c346e1,tg3k,thyroid,0.0,0.0,,,0.0,,0.0,1,1,,,,
rough_otsu_gtbox__detstats,tg3k_c843c346e1,tg3k,thyroid,,,,,,,,1,1,1.0,1.0,,
yolo26n_seg,tg3k_45fc6da876,tg3k,thyroid,0.0,0.0,,,0.0,,0.0,1,1,,,,
yolo26n_seg__detstats,tg3k_45fc6da876,tg3k,thyroid,,,,,,,,1,1,1.0,1.0,,
rough_otsu,tg3k_45fc6da876,tg3k,thyroid,0.0,0.0,,,0.0,,0.0,1,1,,,,
rough_otsu__detstats,tg3k_45fc6da876,tg3k,thyroid,,,,,,,,1,1,1.0,1.0,,
refiner_gtbox,tg3k_45fc6da876,tg3k,thyroid,0.0,0.0,,,0.0,,0.0,1,1,,,,
refiner_gtbox__detstats,tg3k_45fc6da876,tg3k,thyroid,,,,,,,,1,1,1.0,1.0,,
rough_otsu_gtbox,tg3k_45fc6da876,tg3k,thyroid,0.0,0.0,,,0.0,,0.0,1,1,,,,
rough_otsu_gtbox__detstats,tg3k_45fc6da876,tg3k,thyroid,,,,,,,,1,1,1.0,1.0,,
yolo26n_seg,tg3k_baa527bce7,tg3k,thyroid,0.0,0.0,,,0.0,,0.0,1,1,,,,
yolo26n_seg__detstats,tg3k_baa527bce7,tg3k,thyroid,,,,,,,,1,1,1.0,1.0,,
rough_otsu,tg3k_baa527bce7,tg3k,thyroid,0.0,0.0,,,0.0,,0.0,1,1,,,,
rough_otsu__detstats,tg3k_baa527bce7,tg3k,thyroid,,,,,,,,1,1,1.0,1.0,,
refiner_gtbox,tg3k_baa527bce7,tg3k,thyroid,0.0,0.0,,,0.0,,0.0,1,1,,,,
refiner_gtbox__detstats,tg3k_baa527bce7,tg3k,thyroid,,,,,,,,1,1,1.0,1.0,,
rough_otsu_gtbox,tg3k_baa527bce7,tg3k,thyroid,0.0,0.0,,,0.0,,0.0,1,1,,,,
rough_otsu_gtbox__detstats,tg3k_baa527bce7,tg3k,thyroid,,,,,,,,1,1,1.0,1.0,,
yolo26n_seg,tg3k_b5ca38da18,tg3k,thyroid,0.0,0.0,,,0.0,,0.0,1,1,,,,
yolo26n_seg__detstats,tg3k_b5ca38da18,tg3k,thyroid,,,,,,,,1,1,1.0,1.0,,
rough_otsu,tg3k_b5ca38da18,tg3k,thyroid,0.0,0.0,,,0.0,,0.0,1,1,,,,
rough_otsu__detstats,tg3k_b5ca38da18,tg3k,thyroid,,,,,,,,1,1,1.0,1.0,,
refiner_gtbox,tg3k_b5ca38da18,tg3k,thyroid,0.0,0.0,,,0.0,,0.0,1,1,,,,
refiner_gtbox__detstats,tg3k_b5ca38da18,tg3k,thyroid,,,,,,,,1,1,1.0,1.0,,
rough_otsu_gtbox,tg3k_b5ca38da18,tg3k,thyroid,0.0,0.0,,,0.0,,0.0,1,1,,,,
rough_otsu_gtbox__detstats,tg3k_b5ca38da18,tg3k,thyroid,,,,,,,,1,1,1.0,1.0,,
yolo26n_seg,tg3k_ff63e50969,tg3k,thyroid,0.0,0.0,,,0.0,,0.0,1,1,,,,
yolo26n_seg__detstats,tg3k_ff63e50969,tg3k,thyroid,,,,,,,,1,1,1.0,1.0,,
rough_otsu,tg3k_ff63e50969,tg3k,thyroid,0.0,0.0,,,0.0,,0.0,1,1,,,,
rough_otsu__detstats,tg3k_ff63e50969,tg3k,thyroid,,,,,,,,1,1,1.0,1.0,,
refiner_gtbox,tg3k_ff63e50969,tg3k,thyroid,0.0,0.0,,,0.0,,0.0,1,1,,,,
refiner_gtbox__detstats,tg3k_ff63e50969,tg3k,thyroid,,,,,,,,1,1,1.0,1.0,,
rough_otsu_gtbox,tg3k_ff63e50969,tg3k,thyroid,0.0,0.0,,,0.0,,0.0,1,1,,,,
rough_otsu_gtbox__detstats,tg3k_ff63e50969,tg3k,thyroid,,,,,,,,1,1,1.0,1.0,,
yolo26n_seg,tg3k_35bb45a4c8,tg3k,thyroid,0.0,0.0,,,0.0,,0.0,1,0,,,,
yolo26n_seg__detstats,tg3k_35bb45a4c8,tg3k,thyroid,,,,,,,,1,0,1.0,0.0,,
refiner_gtbox,tg3k_35bb45a4c8,tg3k,thyroid,0.0,0.0,,,0.0,,0.0,1,1,,,,
refiner_gtbox__detstats,tg3k_35bb45a4c8,tg3k,thyroid,,,,,,,,1,1,1.0,1.0,,
rough_otsu_gtbox,tg3k_35bb45a4c8,tg3k,thyroid,0.0,0.0,,,0.0,,0.0,1,1,,,,
rough_otsu_gtbox__detstats,tg3k_35bb45a4c8,tg3k,thyroid,,,,,,,,1,1,1.0,1.0,,
yolo26n_seg,tg3k_ba6c59498f,tg3k,thyroid,0.0,0.0,,,0.0,,0.0,1,1,,,,
yolo26n_seg__detstats,tg3k_ba6c59498f,tg3k,thyroid,,,,,,,,1,1,1.0,1.0,,
rough_otsu,tg3k_ba6c59498f,tg3k,thyroid,0.0,0.0,,,0.0,,0.0,1,1,,,,
rough_otsu__detstats,tg3k_ba6c59498f,tg3k,thyroid,,,,,,,,1,1,1.0,1.0,,
refiner_gtbox,tg3k_ba6c59498f,tg3k,thyroid,0.0,0.0,,,0.0,,0.0,1,1,,,,
refiner_gtbox__detstats,tg3k_ba6c59498f,tg3k,thyroid,,,,,,,,1,1,1.0,1.0,,
rough_otsu_gtbox,tg3k_ba6c59498f,tg3k,thyroid,0.0,0.0,,,0.0,,0.0,1,1,,,,
rough_otsu_gtbox__detstats,tg3k_ba6c59498f,tg3k,thyroid,,,,,,,,1,1,1.0,1.0,,
yolo26n_seg,tg3k_fe202ffa4d,tg3k,thyroid,0.0,0.0,,,0.0,,0.0,1,1,,,,
yolo26n_seg__detstats,tg3k_fe202ffa4d,tg3k,thyroid,,,,,,,,1,1,1.0,1.0,,
rough_otsu,tg3k_fe202ffa4d,tg3k,thyroid,0.0,0.0,,,0.0,,0.0,1,1,,,,
rough_otsu__detstats,tg3k_fe202ffa4d,tg3k,thyroid,,,,,,,,1,1,1.0,1.0,,
refiner_gtbox,tg3k_fe202ffa4d,tg3k,thyroid,0.0,0.0,,,0.0,,0.0,1,1,,,,
refiner_gtbox__detstats,tg3k_fe202ffa4d,tg3k,thyroid,,,,,,,,1,1,1.0,1.0,,
rough_otsu_gtbox,tg3k_fe202ffa4d,tg3k,thyroid,0.0,0.0,,,0.0,,0.0,1,1,,,,
rough_otsu_gtbox__detstats,tg3k_fe202ffa4d,tg3k,thyroid,,,,,,,,1,1,1.0,1.0,,
yolo26n_seg,tg3k_42b6ddc5af,tg3k,thyroid,0.0,0.0,,,0.0,,0.0,1,1,,,,
yolo26n_seg__detstats,tg3k_42b6ddc5af,tg3k,thyroid,,,,,,,,1,1,1.0,1.0,,
rough_otsu,tg3k_42b6ddc5af,tg3k,thyroid,0.0,0.0,,,0.0,,0.0,1,1,,,,
rough_otsu__detstats,tg3k_42b6ddc5af,tg3k,thyroid,,,,,,,,1,1,1.0,1.0,,
refiner_gtbox,tg3k_42b6ddc5af,tg3k,thyroid,0.7464091732045866,0.5954169073753129,15.811388300841896,7.876407084090115,0.12529976019184652,0.10225831007358538,0.5954169034957886,1,1,,,8.626936912536621,11.239204406738281
refiner_gtbox__detstats,tg3k_42b6ddc5af,tg3k,thyroid,,,,,,,,1,1,0.0,0.0,,
rough_otsu_gtbox,tg3k_42b6ddc5af,tg3k,thyroid,0.7347813927472733,0.580754494547598,28.0,9.931309823960667,0.2501870417477181,0.7218979954326313,0.5807545185089111,1,1,,,11.23997688293457,11.23997688293457
rough_otsu_gtbox__detstats,tg3k_42b6ddc5af,tg3k,thyroid,,,,,,,,1,1,0.0,0.0,,
yolo26n_seg,tg3k_01def3a931,tg3k,thyroid,0.0,0.0,,,0.0,,0.0,1,1,,,,
yolo26n_seg__detstats,tg3k_01def3a931,tg3k,thyroid,,,,,,,,1,1,1.0,1.0,,
rough_otsu,tg3k_01def3a931,tg3k,thyroid,0.0,0.0,,,0.0,,0.0,1,1,,,,
rough_otsu__detstats,tg3k_01def3a931,tg3k,thyroid,,,,,,,,1,1,1.0,1.0,,
refiner_gtbox,tg3k_01def3a931,tg3k,thyroid,0.0,0.0,,,0.0,,0.0,1,1,,,,
refiner_gtbox__detstats,tg3k_01def3a931,tg3k,thyroid,,,,,,,,1,1,1.0,1.0,,
rough_otsu_gtbox,tg3k_01def3a931,tg3k,thyroid,0.0,0.0,,,0.0,,0.0,1,1,,,,
rough_otsu_gtbox__detstats,tg3k_01def3a931,tg3k,thyroid,,,,,,,,1,1,1.0,1.0,,
yolo26n_seg,tg3k_cd6e801ef6,tg3k,thyroid,0.0,0.0,,,0.0,,0.0,1,0,,,,
yolo26n_seg__detstats,tg3k_cd6e801ef6,tg3k,thyroid,,,,,,,,1,0,1.0,0.0,,
refiner_gtbox,tg3k_cd6e801ef6,tg3k,thyroid,0.0,0.0,,,0.0,,0.0,1,1,,,,
refiner_gtbox__detstats,tg3k_cd6e801ef6,tg3k,thyroid,,,,,,,,1,1,1.0,1.0,,
rough_otsu_gtbox,tg3k_cd6e801ef6,tg3k,thyroid,0.0,0.0,,,0.0,,0.0,1,1,,,,
rough_otsu_gtbox__detstats,tg3k_cd6e801ef6,tg3k,thyroid,,,,,,,,1,1,1.0,1.0,,
yolo26n_seg,tg3k_f3f47b4719,tg3k,thyroid,0.0,0.0,,,0.0,,0.0,1,0,,,,
yolo26n_seg__detstats,tg3k_f3f47b4719,tg3k,thyroid,,,,,,,,1,0,1.0,0.0,,
refiner_gtbox,tg3k_f3f47b4719,tg3k,thyroid,0.0,0.0,,,0.0,,0.0,1,1,,,,
refiner_gtbox__detstats,tg3k_f3f47b4719,tg3k,thyroid,,,,,,,,1,1,1.0,1.0,,
rough_otsu_gtbox,tg3k_f3f47b4719,tg3k,thyroid,0.0,0.0,,,0.0,,0.0,1,1,,,,
rough_otsu_gtbox__detstats,tg3k_f3f47b4719,tg3k,thyroid,,,,,,,,1,1,1.0,1.0,,
yolo26n_seg,tg3k_88a59b1582,tg3k,thyroid,0.0,0.0,,,0.0,,0.0,1,1,,,,
yolo26n_seg__detstats,tg3k_88a59b1582,tg3k,thyroid,,,,,,,,1,1,1.0,1.0,,
rough_otsu,tg3k_88a59b1582,tg3k,thyroid,0.0,0.0,,,0.0,,0.0,1,1,,,,
rough_otsu__detstats,tg3k_88a59b1582,tg3k,thyroid,,,,,,,,1,1,1.0,1.0,,
refiner_gtbox,tg3k_88a59b1582,tg3k,thyroid,0.0,0.0,,,0.0,,0.0,1,1,,,,
refiner_gtbox__detstats,tg3k_88a59b1582,tg3k,thyroid,,,,,,,,1,1,1.0,1.0,,
rough_otsu_gtbox,tg3k_88a59b1582,tg3k,thyroid,0.0,0.0,,,0.0,,0.0,1,1,,,,
rough_otsu_gtbox__detstats,tg3k_88a59b1582,tg3k,thyroid,,,,,,,,1,1,1.0,1.0,,
yolo26n_seg,tg3k_84eba97811,tg3k,thyroid,0.0,0.0,,,0.0,,0.0,1,1,,,,
yolo26n_seg__detstats,tg3k_84eba97811,tg3k,thyroid,,,,,,,,1,1,1.0,1.0,,
rough_otsu,tg3k_84eba97811,tg3k,thyroid,0.0,0.0,,,0.0,,0.0,1,1,,,,
rough_otsu__detstats,tg3k_84eba97811,tg3k,thyroid,,,,,,,,1,1,1.0,1.0,,
refiner_gtbox,tg3k_84eba97811,tg3k,thyroid,0.9147374364765669,0.8428720083246618,2.8284271247461903,1.0659148490234682,0.8514558499204378,0.11395101171458999,0.8428720235824585,1,1,,,1.2245070934295654,2.8896708488464355
refiner_gtbox__detstats,tg3k_84eba97811,tg3k,thyroid,,,,,,,,1,1,0.0,0.0,,
rough_otsu_gtbox,tg3k_84eba97811,tg3k,thyroid,0.813667912439936,0.6858685868586859,6.0,2.5169742546115965,0.5154167652393344,0.005324813631522897,0.6858685612678528,1,1,,,2.8974721431732178,2.8974721431732178
rough_otsu_gtbox__detstats,tg3k_84eba97811,tg3k,thyroid,,,,,,,,1,1,0.0,0.0,,
yolo26n_seg,tg3k_6a5b1cf6b7,tg3k,thyroid,0.0,0.0,,,0.0,,0.0,1,1,,,,
yolo26n_seg__detstats,tg3k_6a5b1cf6b7,tg3k,thyroid,,,,,,,,1,1,1.0,1.0,,
rough_otsu,tg3k_6a5b1cf6b7,tg3k,thyroid,0.0,0.0,,,0.0,,0.0,1,1,,,,
rough_otsu__detstats,tg3k_6a5b1cf6b7,tg3k,thyroid,,,,,,,,1,1,1.0,1.0,,
refiner_gtbox,tg3k_6a5b1cf6b7,tg3k,thyroid,0.0,0.0,,,0.0,,0.0,1,1,,,,
refiner_gtbox__detstats,tg3k_6a5b1cf6b7,tg3k,thyroid,,,,,,,,1,1,1.0,1.0,,
rough_otsu_gtbox,tg3k_6a5b1cf6b7,tg3k,thyroid,0.0,0.0,,,0.0,,0.0,1,1,,,,
rough_otsu_gtbox__detstats,tg3k_6a5b1cf6b7,tg3k,thyroid,,,,,,,,1,1,1.0,1.0,,
yolo26n_seg,tg3k_fbea47c303,tg3k,thyroid,0.0,0.0,,,0.0,,0.0,1,0,,,,
yolo26n_seg__detstats,tg3k_fbea47c303,tg3k,thyroid,,,,,,,,1,0,1.0,0.0,,
refiner_gtbox,tg3k_fbea47c303,tg3k,thyroid,0.0,0.0,,,0.0,,0.0,1,1,,,,
refiner_gtbox__detstats,tg3k_fbea47c303,tg3k,thyroid,,,,,,,,1,1,1.0,1.0,,
rough_otsu_gtbox,tg3k_fbea47c303,tg3k,thyroid,0.0,0.0,,,0.0,,0.0,1,1,,,,
rough_otsu_gtbox__detstats,tg3k_fbea47c303,tg3k,thyroid,,,,,,,,1,1,1.0,1.0,,
yolo26n_seg,tg3k_d33945f09b,tg3k,thyroid,0.0,0.0,,,0.0,,0.0,1,0,,,,
yolo26n_seg__detstats,tg3k_d33945f09b,tg3k,thyroid,,,,,,,,1,0,1.0,0.0,,
refiner_gtbox,tg3k_d33945f09b,tg3k,thyroid,0.0,0.0,,,0.0,,0.0,1,1,,,,
refiner_gtbox__detstats,tg3k_d33945f09b,tg3k,thyroid,,,,,,,,1,1,1.0,1.0,,
rough_otsu_gtbox,tg3k_d33945f09b,tg3k,thyroid,0.0,0.0,,,0.0,,0.0,1,1,,,,
rough_otsu_gtbox__detstats,tg3k_d33945f09b,tg3k,thyroid,,,,,,,,1,1,1.0,1.0,,
yolo26n_seg,tg3k_d9d0687143,tg3k,thyroid,0.0,0.0,,,0.0,,0.0,1,0,,,,
yolo26n_seg__detstats,tg3k_d9d0687143,tg3k,thyroid,,,,,,,,1,0,1.0,0.0,,
refiner_gtbox,tg3k_d9d0687143,tg3k,thyroid,0.0,0.0,,,0.0,,0.0,1,1,,,,
refiner_gtbox__detstats,tg3k_d9d0687143,tg3k,thyroid,,,,,,,,1,1,1.0,1.0,,
rough_otsu_gtbox,tg3k_d9d0687143,tg3k,thyroid,0.0,0.0,,,0.0,,0.0,1,1,,,,
rough_otsu_gtbox__detstats,tg3k_d9d0687143,tg3k,thyroid,,,,,,,,1,1,1.0,1.0,,
yolo26n_seg,tg3k_3d0494f562,tg3k,thyroid,0.0,0.0,,,0.0,,0.0,1,0,,,,
yolo26n_seg__detstats,tg3k_3d0494f562,tg3k,thyroid,,,,,,,,1,0,1.0,0.0,,
refiner_gtbox,tg3k_3d0494f562,tg3k,thyroid,0.0,0.0,,,0.0,,0.0,1,1,,,,
refiner_gtbox__detstats,tg3k_3d0494f562,tg3k,thyroid,,,,,,,,1,1,1.0,1.0,,
rough_otsu_gtbox,tg3k_3d0494f562,tg3k,thyroid,0.0,0.0,,,0.0,,0.0,1,1,,,,
rough_otsu_gtbox__detstats,tg3k_3d0494f562,tg3k,thyroid,,,,,,,,1,1,1.0,1.0,,
yolo26n_seg,tg3k_964d185887,tg3k,thyroid,0.0,0.0,,,0.0,,0.0,2,0,,,,
yolo26n_seg__detstats,tg3k_964d185887,tg3k,thyroid,,,,,,,,2,0,2.0,0.0,,
refiner_gtbox,tg3k_964d185887,tg3k,thyroid,0.0,0.0,,,0.0,,0.0,2,2,,,,
refiner_gtbox__detstats,tg3k_964d185887,tg3k,thyroid,,,,,,,,2,2,2.0,2.0,,
rough_otsu_gtbox,tg3k_964d185887,tg3k,thyroid,0.0,0.0,,,0.0,,0.0,2,2,,,,
rough_otsu_gtbox__detstats,tg3k_964d185887,tg3k,thyroid,,,,,,,,2,2,2.0,2.0,,
yolo26n_seg,tg3k_e62e2d02c4,tg3k,thyroid,0.0,0.0,,,0.0,,0.0,2,1,,,,
yolo26n_seg__detstats,tg3k_e62e2d02c4,tg3k,thyroid,,,,,,,,2,1,2.0,1.0,,
rough_otsu,tg3k_e62e2d02c4,tg3k,thyroid,0.0,0.0,,,0.0,,0.0,2,1,,,,
rough_otsu__detstats,tg3k_e62e2d02c4,tg3k,thyroid,,,,,,,,2,1,2.0,1.0,,
refiner_gtbox,tg3k_e62e2d02c4,tg3k,thyroid,0.8777777777777778,0.7821782178217822,10.781910667299748,3.394839876312959,0.55100820696777,0.18994413407821228,0.7821782231330872,2,2,,,3.302647590637207,3.6961562633514404
refiner_gtbox__detstats,tg3k_e62e2d02c4,tg3k,thyroid,,,,,,,,2,2,1.0,1.0,,
rough_otsu_gtbox,tg3k_e62e2d02c4,tg3k,thyroid,0.8984816162630191,0.8156755525176578,11.896644968751863,3.333500177552079,0.5437710437710438,0.2259776536312849,0.8156755566596985,2,2,,,3.6943111419677734,3.6943111419677734
rough_otsu_gtbox__detstats,tg3k_e62e2d02c4,tg3k,thyroid,,,,,,,,2,2,1.0,1.0,,
yolo26n_seg,tg3k_b86e7b216f,tg3k,thyroid,0.0,0.0,,,0.0,,0.0,2,1,,,,
yolo26n_seg__detstats,tg3k_b86e7b216f,tg3k,thyroid,,,,,,,,2,1,2.0,1.0,,
rough_otsu,tg3k_b86e7b216f,tg3k,thyroid,0.0,0.0,,,0.0,,0.0,2,1,,,,
rough_otsu__detstats,tg3k_b86e7b216f,tg3k,thyroid,,,,,,,,2,1,2.0,1.0,,
refiner_gtbox,tg3k_b86e7b216f,tg3k,thyroid,0.0,0.0,,,0.0,,0.0,2,2,,,,
refiner_gtbox__detstats,tg3k_b86e7b216f,tg3k,thyroid,,,,,,,,2,2,2.0,2.0,,
rough_otsu_gtbox,tg3k_b86e7b216f,tg3k,thyroid,0.0,0.0,,,0.0,,0.0,2,2,,,,
rough_otsu_gtbox__detstats,tg3k_b86e7b216f,tg3k,thyroid,,,,,,,,2,2,2.0,2.0,,
yolo26n_seg,tg3k_ff68795de9,tg3k,thyroid,0.0,0.0,,,0.0,,0.0,1,0,,,,
yolo26n_seg__detstats,tg3k_ff68795de9,tg3k,thyroid,,,,,,,,1,0,1.0,0.0,,
refiner_gtbox,tg3k_ff68795de9,tg3k,thyroid,0.0,0.0,,,0.0,,0.0,1,1,,,,
refiner_gtbox__detstats,tg3k_ff68795de9,tg3k,thyroid,,,,,,,,1,1,1.0,1.0,,
rough_otsu_gtbox,tg3k_ff68795de9,tg3k,thyroid,0.0,0.0,,,0.0,,0.0,1,1,,,,
rough_otsu_gtbox__detstats,tg3k_ff68795de9,tg3k,thyroid,,,,,,,,1,1,1.0,1.0,,
yolo26n_seg,tg3k_350712c87f,tg3k,thyroid,0.0,0.0,,,0.0,,0.0,1,1,,,,
yolo26n_seg__detstats,tg3k_350712c87f,tg3k,thyroid,,,,,,,,1,1,1.0,1.0,,
rough_otsu,tg3k_350712c87f,tg3k,thyroid,0.0,0.0,,,0.0,,0.0,1,1,,,,
rough_otsu__detstats,tg3k_350712c87f,tg3k,thyroid,,,,,,,,1,1,1.0,1.0,,
refiner_gtbox,tg3k_350712c87f,tg3k,thyroid,0.0,0.0,,,0.0,,0.0,1,1,,,,
refiner_gtbox__detstats,tg3k_350712c87f,tg3k,thyroid,,,,,,,,1,1,1.0,1.0,,
rough_otsu_gtbox,tg3k_350712c87f,tg3k,thyroid,0.0,0.0,,,0.0,,0.0,1,1,,,,
rough_otsu_gtbox__detstats,tg3k_350712c87f,tg3k,thyroid,,,,,,,,1,1,1.0,1.0,,
yolo26n_seg,tg3k_2b992ce7ad,tg3k,thyroid,0.0,0.0,,,0.0,,0.0,1,1,,,,
yolo26n_seg__detstats,tg3k_2b992ce7ad,tg3k,thyroid,,,,,,,,1,1,1.0,1.0,,
rough_otsu,tg3k_2b992ce7ad,tg3k,thyroid,0.0,0.0,,,0.0,,0.0,1,1,,,,
rough_otsu__detstats,tg3k_2b992ce7ad,tg3k,thyroid,,,,,,,,1,1,1.0,1.0,,
refiner_gtbox,tg3k_2b992ce7ad,tg3k,thyroid,0.0,0.0,,,0.0,,0.0,1,1,,,,
refiner_gtbox__detstats,tg3k_2b992ce7ad,tg3k,thyroid,,,,,,,,1,1,1.0,1.0,,
rough_otsu_gtbox,tg3k_2b992ce7ad,tg3k,thyroid,0.0,0.0,,,0.0,,0.0,1,1,,,,
rough_otsu_gtbox__detstats,tg3k_2b992ce7ad,tg3k,thyroid,,,,,,,,1,1,1.0,1.0,,
yolo26n_seg,tg3k_deddb7ad67,tg3k,thyroid,0.0,0.0,,,0.0,,0.0,1,1,,,,
yolo26n_seg__detstats,tg3k_deddb7ad67,tg3k,thyroid,,,,,,,,1,1,1.0,1.0,,
rough_otsu,tg3k_deddb7ad67,tg3k,thyroid,0.0,0.0,,,0.0,,0.0,1,1,,,,
rough_otsu__detstats,tg3k_deddb7ad67,tg3k,thyroid,,,,,,,,1,1,1.0,1.0,,
refiner_gtbox,tg3k_deddb7ad67,tg3k,thyroid,0.0,0.0,,,0.0,,0.0,1,1,,,,
refiner_gtbox__detstats,tg3k_deddb7ad67,tg3k,thyroid,,,,,,,,1,1,1.0,1.0,,
rough_otsu_gtbox,tg3k_deddb7ad67,tg3k,thyroid,0.0,0.0,,,0.0,,0.0,1,1,,,,
rough_otsu_gtbox__detstats,tg3k_deddb7ad67,tg3k,thyroid,,,,,,,,1,1,1.0,1.0,,
yolo26n_seg,tg3k_f1a62a3961,tg3k,thyroid,0.0,0.0,,,0.0,,0.0,1,1,,,,
yolo26n_seg__detstats,tg3k_f1a62a3961,tg3k,thyroid,,,,,,,,1,1,1.0,1.0,,
rough_otsu,tg3k_f1a62a3961,tg3k,thyroid,0.0,0.0,,,0.0,,0.0,1,1,,,,
rough_otsu__detstats,tg3k_f1a62a3961,tg3k,thyroid,,,,,,,,1,1,1.0,1.0,,
refiner_gtbox,tg3k_f1a62a3961,tg3k,thyroid,0.0,0.0,,,0.0,,0.0,1,1,,,,
refiner_gtbox__detstats,tg3k_f1a62a3961,tg3k,thyroid,,,,,,,,1,1,1.0,1.0,,
rough_otsu_gtbox,tg3k_f1a62a3961,tg3k,thyroid,0.0,0.0,,,0.0,,0.0,1,1,,,,
rough_otsu_gtbox__detstats,tg3k_f1a62a3961,tg3k,thyroid,,,,,,,,1,1,1.0,1.0,,
yolo26n_seg,tg3k_48ec3675eb,tg3k,thyroid,0.0,0.0,,,0.0,,0.0,1,1,,,,
yolo26n_seg__detstats,tg3k_48ec3675eb,tg3k,thyroid,,,,,,,,1,1,1.0,1.0,,
rough_otsu,tg3k_48ec3675eb,tg3k,thyroid,0.0,0.0,,,0.0,,0.0,1,1,,,,
rough_otsu__detstats,tg3k_48ec3675eb,tg3k,thyroid,,,,,,,,1,1,1.0,1.0,,
refiner_gtbox,tg3k_48ec3675eb,tg3k,thyroid,0.0,0.0,,,0.0,,0.0,1,1,,,,
refiner_gtbox__detstats,tg3k_48ec3675eb,tg3k,thyroid,,,,,,,,1,1,1.0,1.0,,
rough_otsu_gtbox,tg3k_48ec3675eb,tg3k,thyroid,0.0,0.0,,,0.0,,0.0,1,1,,,,
rough_otsu_gtbox__detstats,tg3k_48ec3675eb,tg3k,thyroid,,,,,,,,1,1,1.0,1.0,,
yolo26n_seg,tg3k_7283769148,tg3k,thyroid,0.0,0.0,,,0.0,,0.0,1,1,,,,
yolo26n_seg__detstats,tg3k_7283769148,tg3k,thyroid,,,,,,,,1,1,1.0,1.0,,
rough_otsu,tg3k_7283769148,tg3k,thyroid,0.0,0.0,,,0.0,,0.0,1,1,,,,
rough_otsu__detstats,tg3k_7283769148,tg3k,thyroid,,,,,,,,1,1,1.0,1.0,,
refiner_gtbox,tg3k_7283769148,tg3k,thyroid,0.0,0.0,,,0.0,,0.0,1,1,,,,
refiner_gtbox__detstats,tg3k_7283769148,tg3k,thyroid,,,,,,,,1,1,1.0,1.0,,
rough_otsu_gtbox,tg3k_7283769148,tg3k,thyroid,0.0,0.0,,,0.0,,0.0,1,1,,,,
rough_otsu_gtbox__detstats,tg3k_7283769148,tg3k,thyroid,,,,,,,,1,1,1.0,1.0,,
yolo26n_seg,tg3k_37b9ac53a4,tg3k,thyroid,0.0,0.0,,,0.0,,0.0,1,1,,,,
yolo26n_seg__detstats,tg3k_37b9ac53a4,tg3k,thyroid,,,,,,,,1,1,1.0,1.0,,
rough_otsu,tg3k_37b9ac53a4,tg3k,thyroid,0.0,0.0,,,0.0,,0.0,1,1,,,,
rough_otsu__detstats,tg3k_37b9ac53a4,tg3k,thyroid,,,,,,,,1,1,1.0,1.0,,
refiner_gtbox,tg3k_37b9ac53a4,tg3k,thyroid,0.0,0.0,,,0.0,,0.0,1,1,,,,
refiner_gtbox__detstats,tg3k_37b9ac53a4,tg3k,thyroid,,,,,,,,1,1,1.0,1.0,,
rough_otsu_gtbox,tg3k_37b9ac53a4,tg3k,thyroid,0.0,0.0,,,0.0,,0.0,1,1,,,,
rough_otsu_gtbox__detstats,tg3k_37b9ac53a4,tg3k,thyroid,,,,,,,,1,1,1.0,1.0,,
yolo26n_seg,tg3k_a38072cc51,tg3k,thyroid,0.0,0.0,,,0.0,,0.0,1,0,,,,
yolo26n_seg__detstats,tg3k_a38072cc51,tg3k,thyroid,,,,,,,,1,0,1.0,0.0,,
refiner_gtbox,tg3k_a38072cc51,tg3k,thyroid,0.8897146967154159,0.8013388037141006,10.770329614269007,4.936512352934311,0.23495291165640175,0.019233052356642525,0.801338791847229,1,1,,,5.193968772888184,9.961020469665527
refiner_gtbox__detstats,tg3k_a38072cc51,tg3k,thyroid,,,,,,,,1,1,0.0,0.0,,
rough_otsu_gtbox,tg3k_a38072cc51,tg3k,thyroid,0.8324767740660209,0.7130280199779904,23.021728866442675,8.827020401421887,0.26724137931034486,0.40246942894455656,0.7130280137062073,1,1,,,9.944168090820312,9.944168090820312
rough_otsu_gtbox__detstats,tg3k_a38072cc51,tg3k,thyroid,,,,,,,,1,1,0.0,0.0,,
yolo26n_seg,tg3k_4e73ca560a,tg3k,thyroid,0.0,0.0,,,0.0,,0.0,1,1,,,,
yolo26n_seg__detstats,tg3k_4e73ca560a,tg3k,thyroid,,,,,,,,1,1,1.0,1.0,,
rough_otsu,tg3k_4e73ca560a,tg3k,thyroid,0.0,0.0,,,0.0,,0.0,1,1,,,,
rough_otsu__detstats,tg3k_4e73ca560a,tg3k,thyroid,,,,,,,,1,1,1.0,1.0,,
refiner_gtbox,tg3k_4e73ca560a,tg3k,thyroid,0.8581832368814617,0.7515945330296128,14.790134482004676,5.435269921343052,0.30861052693936786,0.022488164124145185,0.7515945434570312,1,1,,,5.748421669006348,13.62661361694336
refiner_gtbox__detstats,tg3k_4e73ca560a,tg3k,thyroid,,,,,,,,1,1,0.0,0.0,,
rough_otsu_gtbox,tg3k_4e73ca560a,tg3k,thyroid,0.7501233106441748,0.6001578531965273,35.21290584254959,12.349635334189962,0.18101367658889783,0.6662283008942662,0.6001578569412231,1,1,,,13.624031066894531,13.624031066894531
rough_otsu_gtbox__detstats,tg3k_4e73ca560a,tg3k,thyroid,,,,,,,,1,1,0.0,0.0,,
yolo26n_seg,tg3k_ef5d6e8cb6,tg3k,thyroid,0.0,0.0,,,0.0,,0.0,1,1,,,,
yolo26n_seg__detstats,tg3k_ef5d6e8cb6,tg3k,thyroid,,,,,,,,1,1,1.0,1.0,,
rough_otsu,tg3k_ef5d6e8cb6,tg3k,thyroid,0.0,0.0,,,0.0,,0.0,1,1,,,,
rough_otsu__detstats,tg3k_ef5d6e8cb6,tg3k,thyroid,,,,,,,,1,1,1.0,1.0,,
refiner_gtbox,tg3k_ef5d6e8cb6,tg3k,thyroid,0.0,0.0,,,0.0,,0.0,1,1,,,,
refiner_gtbox__detstats,tg3k_ef5d6e8cb6,tg3k,thyroid,,,,,,,,1,1,1.0,1.0,,
rough_otsu_gtbox,tg3k_ef5d6e8cb6,tg3k,thyroid,0.0,0.0,,,0.0,,0.0,1,1,,,,
rough_otsu_gtbox__detstats,tg3k_ef5d6e8cb6,tg3k,thyroid,,,,,,,,1,1,1.0,1.0,,
yolo26n_seg,tg3k_dcfac3d628,tg3k,thyroid,0.0,0.0,,,0.0,,0.0,1,1,,,,
yolo26n_seg__detstats,tg3k_dcfac3d628,tg3k,thyroid,,,,,,,,1,1,1.0,1.0,,
rough_otsu,tg3k_dcfac3d628,tg3k,thyroid,0.0,0.0,,,0.0,,0.0,1,1,,,,
rough_otsu__detstats,tg3k_dcfac3d628,tg3k,thyroid,,,,,,,,1,1,1.0,1.0,,
refiner_gtbox,tg3k_dcfac3d628,tg3k,thyroid,0.0,0.0,,,0.0,,0.0,1,1,,,,
refiner_gtbox__detstats,tg3k_dcfac3d628,tg3k,thyroid,,,,,,,,1,1,1.0,1.0,,
rough_otsu_gtbox,tg3k_dcfac3d628,tg3k,thyroid,0.0,0.0,,,0.0,,0.0,1,1,,,,
rough_otsu_gtbox__detstats,tg3k_dcfac3d628,tg3k,thyroid,,,,,,,,1,1,1.0,1.0,,
yolo26n_seg,tg3k_3202e4b340,tg3k,thyroid,0.0,0.0,,,0.0,,0.0,1,1,,,,
yolo26n_seg__detstats,tg3k_3202e4b340,tg3k,thyroid,,,,,,,,1,1,1.0,1.0,,
rough_otsu,tg3k_3202e4b340,tg3k,thyroid,0.0,0.0,,,0.0,,0.0,1,1,,,,
rough_otsu__detstats,tg3k_3202e4b340,tg3k,thyroid,,,,,,,,1,1,1.0,1.0,,
refiner_gtbox,tg3k_3202e4b340,tg3k,thyroid,0.0,0.0,,,0.0,,0.0,1,1,,,,
refiner_gtbox__detstats,tg3k_3202e4b340,tg3k,thyroid,,,,,,,,1,1,1.0,1.0,,
rough_otsu_gtbox,tg3k_3202e4b340,tg3k,thyroid,0.0,0.0,,,0.0,,0.0,1,1,,,,
rough_otsu_gtbox__detstats,tg3k_3202e4b340,tg3k,thyroid,,,,,,,,1,1,1.0,1.0,,
yolo26n_seg,tg3k_41c7cb403a,tg3k,thyroid,0.0,0.0,,,0.0,,0.0,1,0,,,,
yolo26n_seg__detstats,tg3k_41c7cb403a,tg3k,thyroid,,,,,,,,1,0,1.0,0.0,,
refiner_gtbox,tg3k_41c7cb403a,tg3k,thyroid,0.0,0.0,,,0.0,,0.0,1,1,,,,
refiner_gtbox__detstats,tg3k_41c7cb403a,tg3k,thyroid,,,,,,,,1,1,1.0,1.0,,
rough_otsu_gtbox,tg3k_41c7cb403a,tg3k,thyroid,0.0,0.0,,,0.0,,0.0,1,1,,,,
rough_otsu_gtbox__detstats,tg3k_41c7cb403a,tg3k,thyroid,,,,,,,,1,1,1.0,1.0,,
yolo26n_seg,tg3k_a064976dbb,tg3k,thyroid,0.0,0.0,,,0.0,,0.0,1,0,,,,
yolo26n_seg__detstats,tg3k_a064976dbb,tg3k,thyroid,,,,,,,,1,0,1.0,0.0,,
refiner_gtbox,tg3k_a064976dbb,tg3k,thyroid,0.0,0.0,,,0.0,,0.0,1,1,,,,
refiner_gtbox__detstats,tg3k_a064976dbb,tg3k,thyroid,,,,,,,,1,1,1.0,1.0,,
rough_otsu_gtbox,tg3k_a064976dbb,tg3k,thyroid,0.0,0.0,,,0.0,,0.0,1,1,,,,
rough_otsu_gtbox__detstats,tg3k_a064976dbb,tg3k,thyroid,,,,,,,,1,1,1.0,1.0,,
yolo26n_seg,tg3k_d92aab9336,tg3k,thyroid,0.0,0.0,,,0.0,,0.0,1,0,,,,
yolo26n_seg__detstats,tg3k_d92aab9336,tg3k,thyroid,,,,,,,,1,0,1.0,0.0,,
refiner_gtbox,tg3k_d92aab9336,tg3k,thyroid,0.0,0.0,,,0.0,,0.0,1,1,,,,
refiner_gtbox__detstats,tg3k_d92aab9336,tg3k,thyroid,,,,,,,,1,1,1.0,1.0,,
rough_otsu_gtbox,tg3k_d92aab9336,tg3k,thyroid,0.0,0.0,,,0.0,,0.0,1,1,,,,
rough_otsu_gtbox__detstats,tg3k_d92aab9336,tg3k,thyroid,,,,,,,,1,1,1.0,1.0,,
yolo26n_seg,tg3k_7d046080bd,tg3k,thyroid,0.0,0.0,,,0.0,,0.0,1,0,,,,
yolo26n_seg__detstats,tg3k_7d046080bd,tg3k,thyroid,,,,,,,,1,0,1.0,0.0,,
refiner_gtbox,tg3k_7d046080bd,tg3k,thyroid,0.0,0.0,,,0.0,,0.0,1,1,,,,
refiner_gtbox__detstats,tg3k_7d046080bd,tg3k,thyroid,,,,,,,,1,1,1.0,1.0,,
rough_otsu_gtbox,tg3k_7d046080bd,tg3k,thyroid,0.0,0.0,,,0.0,,0.0,1,1,,,,
rough_otsu_gtbox__detstats,tg3k_7d046080bd,tg3k,thyroid,,,,,,,,1,1,1.0,1.0,,
yolo26n_seg,tg3k_db5354fb37,tg3k,thyroid,0.0,0.0,,,0.0,,0.0,1,0,,,,
yolo26n_seg__detstats,tg3k_db5354fb37,tg3k,thyroid,,,,,,,,1,0,1.0,0.0,,
refiner_gtbox,tg3k_db5354fb37,tg3k,thyroid,0.0,0.0,,,0.0,,0.0,1,1,,,,
refiner_gtbox__detstats,tg3k_db5354fb37,tg3k,thyroid,,,,,,,,1,1,1.0,1.0,,
rough_otsu_gtbox,tg3k_db5354fb37,tg3k,thyroid,0.0,0.0,,,0.0,,0.0,1,1,,,,
rough_otsu_gtbox__detstats,tg3k_db5354fb37,tg3k,thyroid,,,,,,,,1,1,1.0,1.0,,
yolo26n_seg,tg3k_83da2df4ee,tg3k,thyroid,0.0,0.0,,,0.0,,0.0,1,0,,,,
yolo26n_seg__detstats,tg3k_83da2df4ee,tg3k,thyroid,,,,,,,,1,0,1.0,0.0,,
refiner_gtbox,tg3k_83da2df4ee,tg3k,thyroid,0.0,0.0,,,0.0,,0.0,1,1,,,,
refiner_gtbox__detstats,tg3k_83da2df4ee,tg3k,thyroid,,,,,,,,1,1,1.0,1.0,,
rough_otsu_gtbox,tg3k_83da2df4ee,tg3k,thyroid,0.0,0.0,,,0.0,,0.0,1,1,,,,
rough_otsu_gtbox__detstats,tg3k_83da2df4ee,tg3k,thyroid,,,,,,,,1,1,1.0,1.0,,
yolo26n_seg,tg3k_bdf35c99b2,tg3k,thyroid,0.0,0.0,,,0.0,,0.0,1,1,,,,
yolo26n_seg__detstats,tg3k_bdf35c99b2,tg3k,thyroid,,,,,,,,1,1,1.0,1.0,,
rough_otsu,tg3k_bdf35c99b2,tg3k,thyroid,0.0,0.0,,,0.0,,0.0,1,1,,,,
rough_otsu__detstats,tg3k_bdf35c99b2,tg3k,thyroid,,,,,,,,1,1,1.0,1.0,,
refiner_gtbox,tg3k_bdf35c99b2,tg3k,thyroid,0.0,0.0,,,0.0,,0.0,1,1,,,,
refiner_gtbox__detstats,tg3k_bdf35c99b2,tg3k,thyroid,,,,,,,,1,1,1.0,1.0,,
rough_otsu_gtbox,tg3k_bdf35c99b2,tg3k,thyroid,0.0,0.0,,,0.0,,0.0,1,1,,,,
rough_otsu_gtbox__detstats,tg3k_bdf35c99b2,tg3k,thyroid,,,,,,,,1,1,1.0,1.0,,
yolo26n_seg,tg3k_5712f4d9df,tg3k,thyroid,0.0,0.0,,,0.0,,0.0,1,1,,,,
yolo26n_seg__detstats,tg3k_5712f4d9df,tg3k,thyroid,,,,,,,,1,1,1.0,1.0,,
rough_otsu,tg3k_5712f4d9df,tg3k,thyroid,0.0,0.0,,,0.0,,0.0,1,1,,,,
rough_otsu__detstats,tg3k_5712f4d9df,tg3k,thyroid,,,,,,,,1,1,1.0,1.0,,
refiner_gtbox,tg3k_5712f4d9df,tg3k,thyroid,0.8680622239293259,0.7668815744825246,13.36371557959216,4.632225838359699,0.28896620864539724,0.19232772088179134,0.7668815851211548,1,1,,,4.471022605895996,6.184817314147949
refiner_gtbox__detstats,tg3k_5712f4d9df,tg3k,thyroid,,,,,,,,1,1,0.0,0.0,,
rough_otsu_gtbox,tg3k_5712f4d9df,tg3k,thyroid,0.8695192815636555,0.7691588785046729,16.0,5.514986453147976,0.3867780112118749,0.3001215066828676,0.7691588997840881,1,1,,,6.186163902282715,6.186163902282715
rough_otsu_gtbox__detstats,tg3k_5712f4d9df,tg3k,thyroid,,,,,,,,1,1,0.0,0.0,,
yolo26n_seg,tg3k_7d50f82bd8,tg3k,thyroid,0.0,0.0,,,0.0,,0.0,1,1,,,,
yolo26n_seg__detstats,tg3k_7d50f82bd8,tg3k,thyroid,,,,,,,,1,1,1.0,1.0,,
rough_otsu,tg3k_7d50f82bd8,tg3k,thyroid,0.0,0.0,,,0.0,,0.0,1,1,,,,
rough_otsu__detstats,tg3k_7d50f82bd8,tg3k,thyroid,,,,,,,,1,1,1.0,1.0,,
refiner_gtbox,tg3k_7d50f82bd8,tg3k,thyroid,0.0,0.0,,,0.0,,0.0,1,1,,,,
refiner_gtbox__detstats,tg3k_7d50f82bd8,tg3k,thyroid,,,,,,,,1,1,1.0,1.0,,
rough_otsu_gtbox,tg3k_7d50f82bd8,tg3k,thyroid,0.0,0.0,,,0.0,,0.0,1,1,,,,
rough_otsu_gtbox__detstats,tg3k_7d50f82bd8,tg3k,thyroid,,,,,,,,1,1,1.0,1.0,,
yolo26n_seg,tg3k_a92e515ff1,tg3k,thyroid,0.0,0.0,,,0.0,,0.0,1,1,,,,
yolo26n_seg__detstats,tg3k_a92e515ff1,tg3k,thyroid,,,,,,,,1,1,1.0,1.0,,
rough_otsu,tg3k_a92e515ff1,tg3k,thyroid,0.0,0.0,,,0.0,,0.0,1,1,,,,
rough_otsu__detstats,tg3k_a92e515ff1,tg3k,thyroid,,,,,,,,1,1,1.0,1.0,,
refiner_gtbox,tg3k_a92e515ff1,tg3k,thyroid,0.0,0.0,,,0.0,,0.0,1,1,,,,
refiner_gtbox__detstats,tg3k_a92e515ff1,tg3k,thyroid,,,,,,,,1,1,1.0,1.0,,
rough_otsu_gtbox,tg3k_a92e515ff1,tg3k,thyroid,0.0,0.0,,,0.0,,0.0,1,1,,,,
rough_otsu_gtbox__detstats,tg3k_a92e515ff1,tg3k,thyroid,,,,,,,,1,1,1.0,1.0,,
yolo26n_seg,tg3k_8a459ed8ba,tg3k,thyroid,0.0,0.0,,,0.0,,0.0,1,0,,,,
yolo26n_seg__detstats,tg3k_8a459ed8ba,tg3k,thyroid,,,,,,,,1,0,1.0,0.0,,
refiner_gtbox,tg3k_8a459ed8ba,tg3k,thyroid,0.8597296291702841,0.7539699804220144,10.037406715840667,4.037342420185709,0.3387403141676968,0.15280641466208478,0.7539699673652649,1,1,,,3.9801366329193115,7.149354934692383
refiner_gtbox__detstats,tg3k_8a459ed8ba,tg3k,thyroid,,,,,,,,1,1,0.0,0.0,,
rough_otsu_gtbox,tg3k_8a459ed8ba,tg3k,thyroid,0.8231966053748232,0.6995192307692307,15.444684041841436,6.412021865419464,0.2849130492499668,0.42955326460481097,0.6995192170143127,1,1,,,7.1447296142578125,7.1447296142578125
rough_otsu_gtbox__detstats,tg3k_8a459ed8ba,tg3k,thyroid,,,,,,,,1,1,0.0,0.0,,
yolo26n_seg,tg3k_81f36a16d5,tg3k,thyroid,0.0,0.0,,,0.0,,0.0,1,0,,,,
yolo26n_seg__detstats,tg3k_81f36a16d5,tg3k,thyroid,,,,,,,,1,0,1.0,0.0,,
refiner_gtbox,tg3k_81f36a16d5,tg3k,thyroid,0.0,0.0,,,0.0,,0.0,1,1,,,,
refiner_gtbox__detstats,tg3k_81f36a16d5,tg3k,thyroid,,,,,,,,1,1,1.0,1.0,,
rough_otsu_gtbox,tg3k_81f36a16d5,tg3k,thyroid,0.687199230028874,0.5234604105571847,10.977032961426895,3.48333188629282,0.48169621686120334,0.23599320882852293,0.5234603881835938,1,1,,,4.283444404602051,4.283444404602051
rough_otsu_gtbox__detstats,tg3k_81f36a16d5,tg3k,thyroid,,,,,,,,1,1,0.0,0.0,,
yolo26n_seg,tg3k_ca2a9fbe90,tg3k,thyroid,0.0,0.0,,,0.0,,0.0,1,0,,,,
yolo26n_seg__detstats,tg3k_ca2a9fbe90,tg3k,thyroid,,,,,,,,1,0,1.0,0.0,,
refiner_gtbox,tg3k_ca2a9fbe90,tg3k,thyroid,0.74158368895211,0.5892991710625471,6.708203932499369,3.593868059374185,0.33197056418642684,0.4107008289374529,0.5892991423606873,1,1,,,3.7698864936828613,2.5198121070861816
refiner_gtbox__detstats,tg3k_ca2a9fbe90,tg3k,thyroid,,,,,,,,1,1,0.0,0.0,,
rough_otsu_gtbox,tg3k_ca2a9fbe90,tg3k,thyroid,0.8486009965504024,0.737017310252996,8.0,2.27292419179578,0.6240650833223987,0.03391107761868877,0.7370173335075378,1,1,,,2.5420584678649902,2.5420584678649902
rough_otsu_gtbox__detstats,tg3k_ca2a9fbe90,tg3k,thyroid,,,,,,,,1,1,0.0,0.0,,
yolo26n_seg,tg3k_f34c3e61bb,tg3k,thyroid,0.0,0.0,,,0.0,,0.0,1,1,,,,
yolo26n_seg__detstats,tg3k_f34c3e61bb,tg3k,thyroid,,,,,,,,1,1,1.0,1.0,,
rough_otsu,tg3k_f34c3e61bb,tg3k,thyroid,0.0,0.0,,,0.0,,0.0,1,1,,,,
rough_otsu__detstats,tg3k_f34c3e61bb,tg3k,thyroid,,,,,,,,1,1,1.0,1.0,,
refiner_gtbox,tg3k_f34c3e61bb,tg3k,thyroid,0.0,0.0,,,0.0,,0.0,1,1,,,,
refiner_gtbox__detstats,tg3k_f34c3e61bb,tg3k,thyroid,,,,,,,,1,1,1.0,1.0,,
rough_otsu_gtbox,tg3k_f34c3e61bb,tg3k,thyroid,0.0,0.0,,,0.0,,0.0,1,1,,,,
rough_otsu_gtbox__detstats,tg3k_f34c3e61bb,tg3k,thyroid,,,,,,,,1,1,1.0,1.0,,
yolo26n_seg,tg3k_36941f96c8,tg3k,thyroid,0.0,0.0,,,0.0,,0.0,1,1,,,,
yolo26n_seg__detstats,tg3k_36941f96c8,tg3k,thyroid,,,,,,,,1,1,1.0,1.0,,
rough_otsu,tg3k_36941f96c8,tg3k,thyroid,0.0,0.0,,,0.0,,0.0,1,1,,,,
rough_otsu__detstats,tg3k_36941f96c8,tg3k,thyroid,,,,,,,,1,1,1.0,1.0,,
refiner_gtbox,tg3k_36941f96c8,tg3k,thyroid,0.0,0.0,,,0.0,,0.0,1,1,,,,
refiner_gtbox__detstats,tg3k_36941f96c8,tg3k,thyroid,,,,,,,,1,1,1.0,1.0,,
rough_otsu_gtbox,tg3k_36941f96c8,tg3k,thyroid,0.0,0.0,,,0.0,,0.0,1,1,,,,
rough_otsu_gtbox__detstats,tg3k_36941f96c8,tg3k,thyroid,,,,,,,,1,1,1.0,1.0,,
yolo26n_seg,tg3k_e894c4b168,tg3k,thyroid,0.0,0.0,,,0.0,,0.0,1,1,,,,
yolo26n_seg__detstats,tg3k_e894c4b168,tg3k,thyroid,,,,,,,,1,1,1.0,1.0,,
rough_otsu,tg3k_e894c4b168,tg3k,thyroid,0.0,0.0,,,0.0,,0.0,1,1,,,,
rough_otsu__detstats,tg3k_e894c4b168,tg3k,thyroid,,,,,,,,1,1,1.0,1.0,,
refiner_gtbox,tg3k_e894c4b168,tg3k,thyroid,0.0,0.0,,,0.0,,0.0,1,1,,,,
refiner_gtbox__detstats,tg3k_e894c4b168,tg3k,thyroid,,,,,,,,1,1,1.0,1.0,,
rough_otsu_gtbox,tg3k_e894c4b168,tg3k,thyroid,0.0,0.0,,,0.0,,0.0,1,1,,,,
rough_otsu_gtbox__detstats,tg3k_e894c4b168,tg3k,thyroid,,,,,,,,1,1,1.0,1.0,,
yolo26n_seg,tg3k_9720b968b8,tg3k,thyroid,0.0,0.0,,,0.0,,0.0,1,1,,,,
yolo26n_seg__detstats,tg3k_9720b968b8,tg3k,thyroid,,,,,,,,1,1,1.0,1.0,,
rough_otsu,tg3k_9720b968b8,tg3k,thyroid,0.0,0.0,,,0.0,,0.0,1,1,,,,
rough_otsu__detstats,tg3k_9720b968b8,tg3k,thyroid,,,,,,,,1,1,1.0,1.0,,
refiner_gtbox,tg3k_9720b968b8,tg3k,thyroid,0.0,0.0,,,0.0,,0.0,1,1,,,,
refiner_gtbox__detstats,tg3k_9720b968b8,tg3k,thyroid,,,,,,,,1,1,1.0,1.0,,
rough_otsu_gtbox,tg3k_9720b968b8,tg3k,thyroid,0.0,0.0,,,0.0,,0.0,1,1,,,,
rough_otsu_gtbox__detstats,tg3k_9720b968b8,tg3k,thyroid,,,,,,,,1,1,1.0,1.0,,
yolo26n_seg,tg3k_e48ca0c8ee,tg3k,thyroid,0.0,0.0,,,0.0,,0.0,1,1,,,,
yolo26n_seg__detstats,tg3k_e48ca0c8ee,tg3k,thyroid,,,,,,,,1,1,1.0,1.0,,
rough_otsu,tg3k_e48ca0c8ee,tg3k,thyroid,0.0,0.0,,,0.0,,0.0,1,1,,,,
rough_otsu__detstats,tg3k_e48ca0c8ee,tg3k,thyroid,,,,,,,,1,1,1.0,1.0,,
refiner_gtbox,tg3k_e48ca0c8ee,tg3k,thyroid,0.0,0.0,,,0.0,,0.0,1,1,,,,
refiner_gtbox__detstats,tg3k_e48ca0c8ee,tg3k,thyroid,,,,,,,,1,1,1.0,1.0,,
rough_otsu_gtbox,tg3k_e48ca0c8ee,tg3k,thyroid,0.0,0.0,,,0.0,,0.0,1,1,,,,
rough_otsu_gtbox__detstats,tg3k_e48ca0c8ee,tg3k,thyroid,,,,,,,,1,1,1.0,1.0,,
yolo26n_seg,tg3k_6347c0bdb3,tg3k,thyroid,0.0,0.0,,,0.0,,0.0,1,1,,,,
yolo26n_seg__detstats,tg3k_6347c0bdb3,tg3k,thyroid,,,,,,,,1,1,1.0,1.0,,
rough_otsu,tg3k_6347c0bdb3,tg3k,thyroid,0.0,0.0,,,0.0,,0.0,1,1,,,,
rough_otsu__detstats,tg3k_6347c0bdb3,tg3k,thyroid,,,,,,,,1,1,1.0,1.0,,
refiner_gtbox,tg3k_6347c0bdb3,tg3k,thyroid,0.0,0.0,,,0.0,,0.0,1,1,,,,
refiner_gtbox__detstats,tg3k_6347c0bdb3,tg3k,thyroid,,,,,,,,1,1,1.0,1.0,,
rough_otsu_gtbox,tg3k_6347c0bdb3,tg3k,thyroid,0.0,0.0,,,0.0,,0.0,1,1,,,,
rough_otsu_gtbox__detstats,tg3k_6347c0bdb3,tg3k,thyroid,,,,,,,,1,1,1.0,1.0,,
yolo26n_seg,tg3k_7d48d24655,tg3k,thyroid,0.0,0.0,,,0.0,,0.0,1,1,,,,
yolo26n_seg__detstats,tg3k_7d48d24655,tg3k,thyroid,,,,,,,,1,1,1.0,1.0,,
rough_otsu,tg3k_7d48d24655,tg3k,thyroid,0.0,0.0,,,0.0,,0.0,1,1,,,,
rough_otsu__detstats,tg3k_7d48d24655,tg3k,thyroid,,,,,,,,1,1,1.0,1.0,,
refiner_gtbox,tg3k_7d48d24655,tg3k,thyroid,0.0,0.0,,,0.0,,0.0,1,1,,,,
refiner_gtbox__detstats,tg3k_7d48d24655,tg3k,thyroid,,,,,,,,1,1,1.0,1.0,,
rough_otsu_gtbox,tg3k_7d48d24655,tg3k,thyroid,0.0,0.0,,,0.0,,0.0,1,1,,,,
rough_otsu_gtbox__detstats,tg3k_7d48d24655,tg3k,thyroid,,,,,,,,1,1,1.0,1.0,,
yolo26n_seg,tg3k_5eeec15e08,tg3k,thyroid,0.0,0.0,,,0.0,,0.0,1,1,,,,
yolo26n_seg__detstats,tg3k_5eeec15e08,tg3k,thyroid,,,,,,,,1,1,1.0,1.0,,
rough_otsu,tg3k_5eeec15e08,tg3k,thyroid,0.0,0.0,,,0.0,,0.0,1,1,,,,
rough_otsu__detstats,tg3k_5eeec15e08,tg3k,thyroid,,,,,,,,1,1,1.0,1.0,,
refiner_gtbox,tg3k_5eeec15e08,tg3k,thyroid,0.0,0.0,,,0.0,,0.0,1,1,,,,
refiner_gtbox__detstats,tg3k_5eeec15e08,tg3k,thyroid,,,,,,,,1,1,1.0,1.0,,
rough_otsu_gtbox,tg3k_5eeec15e08,tg3k,thyroid,0.0,0.0,,,0.0,,0.0,1,1,,,,
rough_otsu_gtbox__detstats,tg3k_5eeec15e08,tg3k,thyroid,,,,,,,,1,1,1.0,1.0,,
yolo26n_seg,tg3k_e128e22fd3,tg3k,thyroid,0.0,0.0,,,0.0,,0.0,1,1,,,,
yolo26n_seg__detstats,tg3k_e128e22fd3,tg3k,thyroid,,,,,,,,1,1,1.0,1.0,,
rough_otsu,tg3k_e128e22fd3,tg3k,thyroid,0.0,0.0,,,0.0,,0.0,1,1,,,,
rough_otsu__detstats,tg3k_e128e22fd3,tg3k,thyroid,,,,,,,,1,1,1.0,1.0,,
refiner_gtbox,tg3k_e128e22fd3,tg3k,thyroid,0.0,0.0,,,0.0,,0.0,1,1,,,,
refiner_gtbox__detstats,tg3k_e128e22fd3,tg3k,thyroid,,,,,,,,1,1,1.0,1.0,,
rough_otsu_gtbox,tg3k_e128e22fd3,tg3k,thyroid,0.0,0.0,,,0.0,,0.0,1,1,,,,
rough_otsu_gtbox__detstats,tg3k_e128e22fd3,tg3k,thyroid,,,,,,,,1,1,1.0,1.0,,
yolo26n_seg,tg3k_c5f24049d5,tg3k,thyroid,0.0,0.0,,,0.0,,0.0,1,1,,,,
yolo26n_seg__detstats,tg3k_c5f24049d5,tg3k,thyroid,,,,,,,,1,1,1.0,1.0,,
rough_otsu,tg3k_c5f24049d5,tg3k,thyroid,0.0,0.0,,,0.0,,0.0,1,1,,,,
rough_otsu__detstats,tg3k_c5f24049d5,tg3k,thyroid,,,,,,,,1,1,1.0,1.0,,
refiner_gtbox,tg3k_c5f24049d5,tg3k,thyroid,0.7121609798775154,0.5529891304347826,7.0,2.83041667530608,0.4450352253090522,0.14748784440842788,0.55298912525177,1,1,,,2.9231793880462646,5.258640766143799
refiner_gtbox__detstats,tg3k_c5f24049d5,tg3k,thyroid,,,,,,,,1,1,0.0,0.0,,
rough_otsu_gtbox,tg3k_c5f24049d5,tg3k,thyroid,0.0,0.0,,,0.0,,0.0,1,1,,,,
rough_otsu_gtbox__detstats,tg3k_c5f24049d5,tg3k,thyroid,,,,,,,,1,1,1.0,1.0,,
yolo26n_seg,tg3k_a0def82fea,tg3k,thyroid,0.0,0.0,,,0.0,,0.0,1,1,,,,
yolo26n_seg__detstats,tg3k_a0def82fea,tg3k,thyroid,,,,,,,,1,1,1.0,1.0,,
rough_otsu,tg3k_a0def82fea,tg3k,thyroid,0.0,0.0,,,0.0,,0.0,1,1,,,,
rough_otsu__detstats,tg3k_a0def82fea,tg3k,thyroid,,,,,,,,1,1,1.0,1.0,,
refiner_gtbox,tg3k_a0def82fea,tg3k,thyroid,0.687537871137144,0.5238534933825792,15.811388300841896,7.140344010940516,0.20769230769230768,0.2305218012866333,0.5238534808158875,1,1,,,7.145782470703125,8.630290985107422
refiner_gtbox__detstats,tg3k_a0def82fea,tg3k,thyroid,,,,,,,,1,1,0.0,0.0,,
rough_otsu_gtbox,tg3k_a0def82fea,tg3k,thyroid,0.0,0.0,,,0.0,,0.0,1,1,,,,
rough_otsu_gtbox__detstats,tg3k_a0def82fea,tg3k,thyroid,,,,,,,,1,1,1.0,1.0,,
yolo26n_seg,tg3k_668c4812f8,tg3k,thyroid,0.0,0.0,,,0.0,,0.0,1,1,,,,
yolo26n_seg__detstats,tg3k_668c4812f8,tg3k,thyroid,,,,,,,,1,1,1.0,1.0,,
rough_otsu,tg3k_668c4812f8,tg3k,thyroid,0.0,0.0,,,0.0,,0.0,1,1,,,,
rough_otsu__detstats,tg3k_668c4812f8,tg3k,thyroid,,,,,,,,1,1,1.0,1.0,,
refiner_gtbox,tg3k_668c4812f8,tg3k,thyroid,0.0,0.0,,,0.0,,0.0,1,1,,,,
refiner_gtbox__detstats,tg3k_668c4812f8,tg3k,thyroid,,,,,,,,1,1,1.0,1.0,,
rough_otsu_gtbox,tg3k_668c4812f8,tg3k,thyroid,0.0,0.0,,,0.0,,0.0,1,1,,,,
rough_otsu_gtbox__detstats,tg3k_668c4812f8,tg3k,thyroid,,,,,,,,1,1,1.0,1.0,,
yolo26n_seg,tg3k_9d4a04319c,tg3k,thyroid,0.0,0.0,,,0.0,,0.0,1,1,,,,
yolo26n_seg__detstats,tg3k_9d4a04319c,tg3k,thyroid,,,,,,,,1,1,1.0,1.0,,
rough_otsu,tg3k_9d4a04319c,tg3k,thyroid,0.0,0.0,,,0.0,,0.0,1,1,,,,
rough_otsu__detstats,tg3k_9d4a04319c,tg3k,thyroid,,,,,,,,1,1,1.0,1.0,,
refiner_gtbox,tg3k_9d4a04319c,tg3k,thyroid,0.0,0.0,,,0.0,,0.0,1,1,,,,
refiner_gtbox__detstats,tg3k_9d4a04319c,tg3k,thyroid,,,,,,,,1,1,1.0,1.0,,
rough_otsu_gtbox,tg3k_9d4a04319c,tg3k,thyroid,0.0,0.0,,,0.0,,0.0,1,1,,,,
rough_otsu_gtbox__detstats,tg3k_9d4a04319c,tg3k,thyroid,,,,,,,,1,1,1.0,1.0,,
yolo26n_seg,tg3k_ddc6c7a5b7,tg3k,thyroid,0.0,0.0,,,0.0,,0.0,1,1,,,,
yolo26n_seg__detstats,tg3k_ddc6c7a5b7,tg3k,thyroid,,,,,,,,1,1,1.0,1.0,,
rough_otsu,tg3k_ddc6c7a5b7,tg3k,thyroid,0.0,0.0,,,0.0,,0.0,1,1,,,,
rough_otsu__detstats,tg3k_ddc6c7a5b7,tg3k,thyroid,,,,,,,,1,1,1.0,1.0,,
refiner_gtbox,tg3k_ddc6c7a5b7,tg3k,thyroid,0.0,0.0,,,0.0,,0.0,1,1,,,,
refiner_gtbox__detstats,tg3k_ddc6c7a5b7,tg3k,thyroid,,,,,,,,1,1,1.0,1.0,,
rough_otsu_gtbox,tg3k_ddc6c7a5b7,tg3k,thyroid,0.0,0.0,,,0.0,,0.0,1,1,,,,
rough_otsu_gtbox__detstats,tg3k_ddc6c7a5b7,tg3k,thyroid,,,,,,,,1,1,1.0,1.0,,
