uid,dataset,otsu_iou,otsu+ref_iou,box_iou,box+ref_iou,mvp_iou,mvp+ref_iou
busi_c4322390d6,busi,0.6611709286675639,0.8698858230256898,0.6508777740973832,0.868314713572617,0.868314713572617,0.868314713572617
busi_a3108459ab,busi,0.786,0.8317907444668008,0.7907837201479987,0.8610431947840261,0.8610431947840261,0.8610431947840261
busi_6ca345f4b1,busi,0.7604622871046228,0.8251023849674777,0.6766815274277961,0.8876475815665863,0.7604622871046228,0.8251023849674777
busi_9460d57994,busi,0.732321214542549,0.881730957509301,0.6340053573946144,0.8517837440235381,0.732321214542549,0.881730957509301
busi_bd7080a2a6,busi,0.6726324934839271,0.8024331734064428,0.6383669055022306,0.7377426785126686,0.6726324934839271,0.8024331734064428
busi_5f2389aed3,busi,0.7282034346103038,0.8855799373040752,0.8280779272946375,0.889756649688738,0.7282034346103038,0.8855799373040752
busi_7432afad2c,busi,0.8506610576923077,0.8341316118284048,0.717081125152874,0.8822672906916277,0.8822672906916277,0.8822672906916277
busi_98197bf517,busi,0.7894361170592434,0.9175401816911251,0.7554596926395255,0.9016736401673641,0.9016736401673641,0.9016736401673641
busi_4e9b7d897c,busi,0.8260869565217391,0.8950850661625709,0.7300285306704708,0.8509142053445851,0.8260869565217391,0.8950850661625709
busi_11c694f20f,busi,0.6705524581855044,0.8343004513217279,0.6835119959162839,0.8238672622846203,0.8238672622846203,0.8238672622846203
busi_dcf573aebc,busi,0.8532134456332043,0.9196059859821936,0.7694557515453038,0.9082112970711297,0.9196059859821936,0.9196059859821936
busi_25d8683937,busi,0.8441052289704449,0.8805876836511409,0.6968726914553066,0.9008662175168431,0.8805876836511409,0.8805876836511409
busi_a2e0eb1c41,busi,0.8087902129587675,0.7514910536779325,0.6395939086294417,0.7512994802079168,0.7514910536779325,0.7514910536779325
busi_0d51c07bd5,busi,0.7125899980540962,0.7069824705399542,0.5645891444510495,0.6917049143624762,0.7125899980540962,0.7069824705399542
busi_3aa2ecd082,busi,0.6954811864105752,0.8340991388491616,0.697587417926401,0.8283270881179742,0.6954811864105752,0.8340991388491616
busi_f89428ed30,busi,0.7517945340796839,0.8450825082508251,0.7487365850888649,0.8572213824378178,0.7517945340796839,0.8450825082508251
busi_42f20b000b,busi,0.8132885849016526,0.8488346953776971,0.676851912176689,0.834325933946941,0.8132885849016526,0.8488346953776971
busi_e236c55059,busi,0.7676518001074691,0.7489181949309706,0.5889632627646326,0.7545768385814415,0.7676518001074691,0.7489181949309706
busi_5297c4215c,busi,0.8104278442701884,0.7315926454537822,0.7994001772203667,0.7259550938337802,0.7994001772203667,0.7259550938337802
busi_b5c3b1d7df,busi,0.7920893797354566,0.8683577115349009,0.7076502732240437,0.880004950801411,0.7920893797354566,0.8683577115349009
busi_16e7d3f1d9,busi,0.7967811981095926,0.8478033927794694,0.7438683530151632,0.7743151451817571,0.7967811981095926,0.8478033927794694
busi_6b1c7c6449,busi,0.8028169014084507,0.7859543605165399,0.6057462090981645,0.779007563180225,0.8028169014084507,0.7859543605165399
busi_b83f3d49c5,busi,0.7774687065368567,0.8398138006571741,0.7113830019663535,0.8541577825159915,0.7774687065368567,0.8398138006571741
busi_929cf0f851,busi,0.6458200382897256,0.8512544802867383,0.6204968944099379,0.8563685636856369,0.8563685636856369,0.8563685636856369
busi_cb24e22b98,busi,0.7328543435662965,0.8554612118873022,0.7296951268304394,0.8568885372366729,0.7328543435662965,0.8554612118873022
busi_034a4514ed,busi,0.7476163542340013,0.9066800646598803,0.733213787607093,0.8937451935401179,0.7476163542340013,0.9066800646598803
busi_1541b9855b,busi,0.7379294687452702,0.7885455427924284,0.7114146854065414,0.8069948186528497,0.8069948186528497,0.8069948186528497
busi_7142c7617d,busi,0.6786871961102107,0.7789732554565016,0.6280181687783887,0.7794680636711666,0.7789732554565016,0.7789732554565016
busi_328c7cf02a,busi,0.8110502918317356,0.8565252910341071,0.7102948784273151,0.8377555061382399,0.8110502918317356,0.8565252910341071
busi_884f21854c,busi,0.7742350770287088,0.8723431596802796,0.7728420421962597,0.8788087934560327,0.7728420421962597,0.8788087934560327
busi_702d535cb8,busi,0.7504300883905796,0.8683471371984156,0.7444483609446598,0.8625358166189112,0.7444483609446598,0.8625358166189112
busi_7ad36ab93e,busi,0.6923076923076923,0.8349056603773585,0.6297790249035427,0.8462786923255274,0.8462786923255274,0.8462786923255274
busi_fb599a827f,busi,0.6019676075095588,0.722540415704388,0.7795694947851173,0.8743321510348853,0.6019676075095588,0.722540415704388
busi_26b35ce6c2,busi,0.7634827810266407,0.8257065948855989,0.729005667181865,0.8539325842696629,0.8257065948855989,0.8257065948855989
busi_4058304b16,busi,0.7407680945347119,0.8704472106961734,0.7103274559193955,0.8702325581395349,0.8702325581395349,0.8702325581395349
busi_dc9eed528c,busi,0.8412801034427024,0.8551179834098414,0.6744556256751378,0.8490724482784946,0.8412801034427024,0.8551179834098414
busi_de9fa69171,busi,0.7043044582721574,0.8008166076347895,0.7980515158238699,0.7988228866593822,0.7043044582721574,0.8008166076347895
busi_1af81235cf,busi,0.8733541059402955,0.8851957975167144,0.7741628312966196,0.8971185265867908,0.7741628312966196,0.8971185265867908
busi_0e203e8363,busi,0.7036148137207843,0.87520218747593,0.6608210012275897,0.9153149567121106,0.7036148137207843,0.87520218747593
busi_8c1f838d6c,busi,0.7148767168624856,0.8609046849757673,0.6506945192204157,0.8791030224244394,0.7148767168624856,0.8609046849757673
busi_cfd961e96d,busi,0.837550765385817,0.8836010912397696,0.770694087403599,0.873587786259542,0.8836010912397696,0.8836010912397696
busi_6d2d131466,busi,0.7697979649019319,0.911947452511983,0.7668101528870417,0.9145586414293295,0.9145586414293295,0.9145586414293295
busi_873f42e663,busi,0.8852097130242825,0.9177894272696095,0.7740454914703493,0.9017357903437545,0.9177894272696095,0.9177894272696095
busi_22d1a239ff,busi,0.582528823817744,0.7563988582658743,0.7236798978764513,0.8875809693991512,0.582528823817744,0.7563988582658743
busi_888dc0e64a,busi,0.555934242181235,0.63155702135046,0.672810924862267,0.6466180708594677,0.555934242181235,0.63155702135046
busi_62445ce52f,busi,0.6374175949079336,0.6986435008826536,0.5258386219401632,0.6181017397049108,0.6374175949079336,0.6986435008826536
busi_31157c7321,busi,0.48437017465600657,0.6021984900050855,0.3979845222883869,0.5589881743754811,0.48437017465600657,0.6021984900050855
busi_31341a9960,busi,0.8641790638853382,0.9094419880226116,0.77077559073613,0.9014187591487445,0.9014187591487445,0.9014187591487445
busi_6e82f75987,busi,0.8395167678901505,0.8557648734382081,0.8030388932985599,0.8181074619353215,0.8395167678901505,0.8557648734382081
busi_f5cba98f1d,busi,0.5151260403997042,0.6851459946911022,0.6739504230710938,0.8717673545966229,0.6851459946911022,0.6851459946911022
busi_70e63630b2,busi,0.7668351514763748,0.8368370420602753,0.7327298033570859,0.9154455921210666,0.7668351514763748,0.8368370420602753
busi_d6ece3a2e2,busi,0.8269419862340216,0.9397639605579114,0.7383144336006954,0.9349038411424402,0.8269419862340216,0.9397639605579114
busi_21ebb876bc,busi,0.6351799242424242,0.7980814225549836,0.7289075951788789,0.81891299049476,0.81891299049476,0.81891299049476
busi_7a078fba05,busi,0.8773230525899565,0.7897376197725441,0.5535803393213573,0.7486955777948849,0.8773230525899565,0.7897376197725441
busi_a262591d26,busi,0.8898689207399241,0.9165595418955241,0.7605701627660599,0.9129926324406502,0.9165595418955241,0.9165595418955241
busi_b7e3e20601,busi,0.9248718401979849,0.9482447789008852,0.7557848217481288,0.9153059002830394,0.9248718401979849,0.9482447789008852
busi_1e01f78c06,busi,0.7094228140570572,0.7109459401063049,0.6246081504702194,0.7490333271957282,0.7094228140570572,0.7109459401063049
busi_c9ddf3ff26,busi,0.6899964589235128,0.8128728057717435,0.7507043116119549,0.8861766945925362,0.8861766945925362,0.8861766945925362
busi_086f5ac9a7,busi,0.46006711821903157,0.45631989486109253,0.5049331044934912,0.5035630008644658,0.46006711821903157,0.45631989486109253
busi_55fa62f005,busi,0.5992533679597468,0.6851851851851852,0.7392758056484314,0.733520224269123,0.5992533679597468,0.6851851851851852
busi_f8c677f4cb,busi,0.7091464848342347,0.7149805447470817,0.8252579632122028,0.7294603791929996,0.8252579632122028,0.7294603791929996
busi_93193f654b,busi,0.7752279583742924,0.8196848403134743,0.7279667463594871,0.8054655237656505,0.7752279583742924,0.8196848403134743
busi_7dcb196d66,busi,0.7692127534323748,0.8318993871263979,0.7287315470009528,0.8325680374860702,0.7692127534323748,0.8318993871263979
busi_9289e3083c,busi,0.5323280313984714,0.6368789940218512,0.6999396603741057,0.6752608962553714,0.5323280313984714,0.6368789940218512
busi_6ecd547c0d,busi,0.6427668904689939,0.7804176462453326,0.6145950428452962,0.7796278158667973,0.6427668904689939,0.7804176462453326
busi_a3204ccbe7,busi,0.6333701504901283,0.7514007667354763,0.5541111802267275,0.7408096526838069,0.6333701504901283,0.7514007667354763
busi_e760baac79,busi,0.7900720576461169,0.7660429874748724,0.6627344579450277,0.7991099809281628,0.7900720576461169,0.7660429874748724
busi_d7a8d6043b,busi,0.45885976884837404,0.6809232200302314,0.45745371063532464,0.681055756921416,0.45885976884837404,0.6809232200302314
busi_1b904e1d39,busi,0.7056503749676752,0.7221682533514668,0.437290811493527,0.6492548398276972,0.7056503749676752,0.7221682533514668
busi_0cc200cd76,busi,0.3676844076154459,0.5828648687113072,0.41583149779735684,0.5048095156007585,0.3676844076154459,0.5828648687113072
busi_bad20acd54,busi,0.7194424264438795,0.8327899394503959,0.669852844567074,0.7932026375182546,0.7194424264438795,0.8327899394503959
busi_1cd1fff51b,busi,0.5438476804763086,0.700171174255392,0.491588785046729,0.7105096660808435,0.5438476804763086,0.700171174255392
busi_daf74cbea5,busi,0.5813023625495746,0.6051594524016776,0.4134512325830654,0.5881413785509799,0.5813023625495746,0.6051594524016776
busi_d083e06533,busi,0.8125572668964615,0.7668882500898311,0.6266505514428161,0.7356126301813203,0.8125572668964615,0.7668882500898311
busi_ff6b3c8040,busi,0.7164599053587415,0.755054045497716,0.6403112532559596,0.6731293414226677,0.755054045497716,0.755054045497716
busi_e0e8a1f5f7,busi,0.853161049171876,0.8671061459032173,0.6741116751269035,0.8859184914841849,0.853161049171876,0.8671061459032173
busi_e77460c93f,busi,0.403100913502712,0.5647387924144446,0.6279913955364346,0.8122013461900766,0.403100913502712,0.5647387924144446
ddti_98ad2517b3,ddti,0.10989274372341062,0.3603637456786412,0.4727968941126416,0.575766194979734,0.4727968941126416,0.575766194979734
ddti_56e6cc05a6,ddti,0.6441682600382409,0.7033826279109298,0.7131656804733728,0.7589604212671989,0.7033826279109298,0.7033826279109298
ddti_c835c6acf9,ddti,0.15319060486385366,0.4009137296784146,0.565543710021322,0.6471867892811233,0.6471867892811233,0.6471867892811233
ddti_d02b6359c9,ddti,0.8435480276353912,0.8966689326988443,0.7212148685403446,0.8597175984387556,0.8435480276353912,0.8966689326988443
ddti_c066535241,ddti,0.10135260329812859,0.247624513742746,0.8081236562263931,0.7492107819329772,0.8081236562263931,0.7492107819329772
ddti_d9658bd3e1,ddti,0.18036109064112013,0.38412142440163455,0.6000604138347682,0.5993607821018988,0.5993607821018988,0.5993607821018988
ddti_b8dcef923d,ddti,0.36566820276497697,0.5553536151718689,0.5866263487045564,0.6003410588326487,0.5866263487045564,0.6003410588326487
ddti_22ffb08a0b,ddti,0.5947617593158216,0.7408533389244155,0.5917209020735583,0.7325759901750076,0.5947617593158216,0.7408533389244155
ddti_a517b62f3e,ddti,0.48661708276090765,0.5874063126781379,0.7716682993313173,0.8729636591478697,0.8729636591478697,0.8729636591478697
ddti_1b0bfd8a9f,ddti,0.7056384742951907,0.7113268608414239,0.6979056979056979,0.7481296758104738,0.7481296758104738,0.7481296758104738
ddti_cfa286754f,ddti,0.6424523441524987,0.7428571428571429,0.7042376583660988,0.8248686514886164,0.6424523441524987,0.7428571428571429
ddti_9a98bb878f,ddti,0.5967693688303919,0.8245884278424954,0.6532287891116206,0.8238658777120316,0.5967693688303919,0.8245884278424954
ddti_ade13232ad,ddti,0.7407903549899532,0.8905109489051095,0.7744198596869941,0.8695073235685752,0.8695073235685752,0.8695073235685752
ddti_7c4903c6a3,ddti,0.5721617223682564,0.575588920528087,0.62284276126558,0.5331875482377154,0.62284276126558,0.5331875482377154
ddti_8c5641ea57,ddti,0.678791815524521,0.7660950661853189,0.6770901106050748,0.754255678256257,0.6770901106050748,0.754255678256257
ddti_54dd2b4e84,ddti,0.4225274116734965,0.6146133456263686,0.7754334656360977,0.7383296652380401,0.7754334656360977,0.7383296652380401
ddti_6410446b09,ddti,0.6710176645302486,0.8308415924743827,0.7601201358056934,0.8695945376380342,0.8695945376380342,0.8695945376380342
ddti_3ab69060ab,ddti,0.39414523693999676,0.53731049419177,0.6254411539051711,0.6288247566063978,0.39414523693999676,0.53731049419177
ddti_57c3f20a3d,ddti,0.38509174311926603,0.7020174482006543,0.6554736024844721,0.8503747323340471,0.8503747323340471,0.8503747323340471
ddti_91d165a82a,ddti,0.6994313566206336,0.8165438165438166,0.7684865238424327,0.8354011579818031,0.7684865238424327,0.8354011579818031
ddti_33e18d0483,ddti,0.860796086279742,0.8116518483855872,0.7688734030197445,0.8314220183486238,0.860796086279742,0.8116518483855872
ddti_1f952975a3,ddti,0.5059019580613804,0.7679123711340207,0.6798347274009876,0.726088056680162,0.5059019580613804,0.7679123711340207
ddti_8afc9502ef,ddti,0.6924651303820497,0.8184651343981301,0.6917310313493866,0.8238062555152466,0.6917310313493866,0.8238062555152466
ddti_221272fd42,ddti,0.7622981599699586,0.8488081725312145,0.6594594594594595,0.8587896253602305,0.7622981599699586,0.8488081725312145
ddti_8de5d92d9d,ddti,0.0707440508237321,0.2936374549819928,0.6380753138075314,0.7580372250423012,0.0707440508237321,0.2936374549819928
ddti_2fdfab30c9,ddti,0.026295436968290797,0.15085158150851583,0.5876682429974536,0.7372742200328407,0.15085158150851583,0.15085158150851583
ddti_65ec60d09d,ddti,0.6449365958206823,0.7200504413619168,0.4660958111548253,0.6820033955857385,0.6449365958206823,0.7200504413619168
ddti_489a74d797,ddti,0.5793216630196937,0.8169038833245476,0.7132564841498559,0.866859377656861,0.8169038833245476,0.8169038833245476
ddti_b40cf90f18,ddti,0.3834296724470135,0.5157146134434504,0.42980935875216636,0.5279601539506452,0.3834296724470135,0.5157146134434504
ddti_7c62604dba,ddti,0.5321015207349353,0.8039310197086547,0.7331189710610932,0.8078617255577899,0.5321015207349353,0.8039310197086547
ddti_4b8d19d7a1,ddti,0.02295462233605567,0.14894508140935028,0.730499235264128,0.8389039017683592,0.14894508140935028,0.14894508140935028
ddti_8dad71b90d,ddti,0.4672236503856041,0.5931823278762054,0.47891963109354413,0.5888143176733781,0.4672236503856041,0.5931823278762054
ddti_a8736f35aa,ddti,0.6779448621553885,0.7146872803935348,0.6775203506574827,0.7209964412811388,0.7209964412811388,0.7209964412811388
ddti_5dfcfa97df,ddti,0.5287598461256641,0.623504966551794,0.7693863196764551,0.7496062992125985,0.7693863196764551,0.7496062992125985
ddti_ad3b19cbcd,ddti,0.06461688628599317,0.27122464312546957,0.6899566821755174,0.8456973293768546,0.06461688628599317,0.27122464312546957
ddti_e9be59c1a3,ddti,0.12629945694336694,0.32868641606505683,0.606810648989629,0.7870451237263464,0.7870451237263464,0.7870451237263464
ddti_3db3d34949,ddti,0.792358803986711,0.8562144597887896,0.7013641133263379,0.8377192982456141,0.7013641133263379,0.8377192982456141
ddti_fd470c1032,ddti,0.24191076667104514,0.4173745864258249,0.748104247957005,0.8602354904505841,0.748104247957005,0.8602354904505841
ddti_640c4f6df2,ddti,0.5445160441872698,0.7013057671381937,0.7419185435873498,0.7721965038347267,0.7419185435873498,0.7721965038347267
ddti_c9d3b7aed1,ddti,0.5976439356230298,0.4877517371334354,0.7224293117556142,0.8175753153340978,0.5976439356230298,0.4877517371334354
ddti_7ddf6c0f99,ddti,0.12562034739454095,0.364461738002594,0.6508846657929227,0.7860294117647059,0.7860294117647059,0.7860294117647059
ddti_7fdea6c059,ddti,0.030252276771694755,0.24407503088846455,0.42984042135052275,0.5490769696358317,0.030252276771694755,0.24407503088846455
ddti_a24384ffc8,ddti,0.43257864155479864,0.7079854169116783,0.6396343011936003,0.8327836814461952,0.43257864155479864,0.7079854169116783
ddti_2678dc79df,ddti,0.08438680019701199,0.27340241796200343,0.7080373831775701,0.876210235131397,0.7080373831775701,0.876210235131397
ddti_3cb770272f,ddti,0.7182835820895522,0.8549962434259955,0.7303902246748127,0.7936784469885515,0.7303902246748127,0.7936784469885515
ddti_12d95b37a4,ddti,0.7429178470254958,0.7957227138643068,0.643507972665148,0.7744874715261959,0.7957227138643068,0.7957227138643068
ddti_b1ee2d97ca,ddti,0.704248366013072,0.7708860759493671,0.72658060244952,0.7667081776670818,0.7708860759493671,0.7708860759493671
ddti_be9223a0e9,ddti,0.43356341673856774,0.5764235764235764,0.5712265818310357,0.7053610988037218,0.5764235764235764,0.5764235764235764
ddti_2a1acce5a7,ddti,0.08401253918495298,0.2760282223369472,0.6964212818070485,0.7208829509148998,0.6964212818070485,0.7208829509148998
ddti_e045a21668,ddti,0.5352855379782341,0.7373820754716981,0.7955652264014091,0.8160278745644599,0.5352855379782341,0.7373820754716981
ddti_a76252d2b4,ddti,0.5658039647577092,0.7039370078740157,0.5853033323839362,0.7084603658536586,0.5853033323839362,0.7084603658536586
ddti_187f4dab10,ddti,0.6377338877338877,0.6849917537108301,0.7682926829268293,0.6610720086626962,0.6377338877338877,0.6849917537108301
ddti_4016772991,ddti,0.40421329822251484,0.6134033508377095,0.39857189224277834,0.6184840090657265,0.6134033508377095,0.6134033508377095
ddti_dc43010854,ddti,0.10982438279460423,0.36666666666666664,0.3822508676251859,0.4955915813424346,0.36666666666666664,0.36666666666666664
ddti_787c8b3c4b,ddti,0.7287113790504898,0.8078690935833793,0.7278338100255909,0.796629005371365,0.7278338100255909,0.796629005371365
ddti_233bdfbf21,ddti,0.7671821305841925,0.9109559144478394,0.7362673726009266,0.9183585313174946,0.7671821305841925,0.9109559144478394
ddti_ac743820ef,ddti,0.6425813568670712,0.72,0.6470917225950783,0.7475285171102661,0.6425813568670712,0.72
ddti_7599103e43,ddti,0.5609908224182483,0.6693476318141197,0.7131091283459162,0.8015866172285936,0.5609908224182483,0.6693476318141197
ddti_6c5aa6a01f,ddti,0.5609908224182483,0.6693476318141197,0.7131091283459162,0.8015866172285936,0.5609908224182483,0.6693476318141197
ddti_a94de71ed0,ddti,0.11841541755888652,0.46092184368737477,0.40817152103559873,0.5173913043478261,0.40817152103559873,0.5173913043478261
ddti_e217109e28,ddti,0.4218865143699337,0.5466123280692817,0.3723675813656669,0.5942184154175589,0.4218865143699337,0.5466123280692817
ddti_27df9b9068,ddti,0.48990825688073397,0.7076780758556892,0.5053025577043044,0.710720887245841,0.48990825688073397,0.7076780758556892
ddti_f242f7bf6e,ddti,0.576069670579326,0.6304125151317628,0.5669639511354269,0.6288479262672811,0.5669639511354269,0.6288479262672811
ddti_90696b2b43,ddti,0.6,0.6909527622097679,0.6153846153846154,0.6715566422167889,0.6909527622097679,0.6909527622097679
ddti_ba1514aeb9,ddti,0.3431528662420382,0.4250450856627592,0.711083980116857,0.8394469840561936,0.3431528662420382,0.4250450856627592
ddti_c8fbd8e3a2,ddti,0.778044985146414,0.8737536762068718,0.6891792522201482,0.8204994019138756,0.8204994019138756,0.8204994019138756
ddti_e33a37bf51,ddti,0.4027576197387518,0.4468796433878158,0.640391254315305,0.7240532959326789,0.4468796433878158,0.4468796433878158
ddti_33e5e1f317,ddti,0.32831891688604736,0.5679501221669896,0.6690732557415822,0.8138462701231955,0.32831891688604736,0.5679501221669896
ddti_cd5c4e3c0d,ddti,0.7085106382978723,0.6919060052219321,0.7054924242424242,0.8120204603580563,0.6919060052219321,0.6919060052219321
ddti_939c619c88,ddti,0.5784835529185934,0.7899167795626089,0.6206213289929942,0.8063741960257271,0.6206213289929942,0.8063741960257271
ddti_a0e522ad71,ddti,0.28782983306408183,0.512097372717827,0.8209671465485419,0.7837062535857716,0.8209671465485419,0.7837062535857716
ddti_37e3d077d2,ddti,0.5264274249025452,0.6899229472670358,0.8238570198977268,0.7704029392278504,0.5264274249025452,0.6899229472670358
ddti_4c301e1cf4,ddti,0.4951174452362101,0.6625546132099718,0.5900446502397884,0.6436327739387957,0.4951174452362101,0.6625546132099718
ddti_1113200ee2,ddti,0.3435291930085534,0.6044768661936645,0.44494242141300966,0.5776375744830003,0.3435291930085534,0.6044768661936645
ddti_9c9f67679d,ddti,0.6168487839266831,0.7258145363408521,0.6055363321799307,0.7270446562970396,0.7270446562970396,0.7270446562970396
ddti_6ec5864d97,ddti,0.5556741373176806,0.8340200117716303,0.5578378378378378,0.8566453859547302,0.8340200117716303,0.8340200117716303
ddti_06d0f20618,ddti,0.35663006756756754,0.40865259317174873,0.677020825979527,0.8224694104560623,0.677020825979527,0.8224694104560623
ddti_1ab2f73c47,ddti,0.02495080123699747,0.25394370553665324,0.4888922170635515,0.6479681382476036,0.6479681382476036,0.6479681382476036
ddti_0021c0606c,ddti,0.4151606425702811,0.6230960952644696,0.666923076923077,0.8167298321602598,0.4151606425702811,0.6230960952644696
ddti_7e1535d854,ddti,0.2244983864178476,0.4832140015910899,0.6465403261348611,0.7589273861675295,0.2244983864178476,0.4832140015910899
ddti_7d9bfb7978,ddti,0.6155988857938719,0.7856502242152467,0.6143154968728284,0.7899008115419297,0.7856502242152467,0.7856502242152467
tn3k_ba14c8a36b,tn3k,0.6717560553633218,0.8471252139321893,0.7712189245427664,0.8997276441216523,0.6717560553633218,0.8471252139321893
tn3k_e12b0ef506,tn3k,0.6423962757268866,0.8078775857183338,0.7238866100205098,0.9140948438088069,0.7238866100205098,0.9140948438088069
tn3k_be4c155142,tn3k,0.8281025050388713,0.8001781472684085,0.7491533623609096,0.7966401414677277,0.8001781472684085,0.8001781472684085
tn3k_8b669ded91,tn3k,0.7052860246198407,0.8059163059163059,0.5209302325581395,0.8199121522693997,0.5209302325581395,0.8199121522693997
tn3k_33814ec0d8,tn3k,0.5198067632850242,0.5487213196857295,0.6389063764727044,0.5565184744861246,0.5198067632850242,0.5487213196857295
tn3k_07164549ce,tn3k,0.8475750577367206,0.9105431309904153,0.6294758692267773,0.8984,0.9105431309904153,0.9105431309904153
tn3k_242c29b639,tn3k,0.8631316357883849,0.8281700981335386,0.7913517404493804,0.90114298449489,0.90114298449489,0.90114298449489
tn3k_4501e10e3f,tn3k,0.6808461715336859,0.7852534562211981,0.7099983419001824,0.822880771881461,0.6808461715336859,0.7852534562211981
tn3k_398c97384e,tn3k,0.5166237627352163,0.5160222256051149,0.7211997044401155,0.6942250832740746,0.6942250832740746,0.6942250832740746
tn3k_2e8606665e,tn3k,0.4630177514792899,0.6376958059626073,0.8178001679261125,0.8272040302267003,0.4630177514792899,0.6376958059626073
tn3k_e82f9f01a7,tn3k,0.7423841059602649,0.8471698113207548,0.6850209986000934,0.8829452485840151,0.8829452485840151,0.8829452485840151
tn3k_c1be980a7c,tn3k,0.8877786318216756,0.8121508379888268,0.6120556414219475,0.7913279132791328,0.8121508379888268,0.8121508379888268
tn3k_c1be980a7c,tn3k,0.31180625630676084,0.48501664816870144,0.7246621621621622,0.8100436681222707,0.31180625630676084,0.48501664816870144
tn3k_75f6fec10b,tn3k,0.8442211055276382,0.7900280898876404,0.6844919786096256,0.8669467787114846,0.8442211055276382,0.7900280898876404
tn3k_a66f54501a,tn3k,0.8390630155064335,0.9173503288358533,0.7654049526202816,0.8899887065701189,0.8390630155064335,0.9173503288358533
tn3k_be632d42a2,tn3k,0.5857876712328767,0.7546186641402179,0.5854869074105767,0.7927072927072927,0.5857876712328767,0.7546186641402179
tn3k_123cbf01bd,tn3k,0.5389426284189459,0.6718986793678285,0.5187723848338891,0.8997150372643578,0.5389426284189459,0.6718986793678285
tn3k_123cbf01bd,tn3k,0.4602088584803745,0.7265625,0.48106963198305536,0.7774674115456238,0.4602088584803745,0.7265625
tn3k_8f32288f9c,tn3k,0.6476504534212696,0.8593155893536122,0.6493246623311656,0.7886756238003839,0.8593155893536122,0.8593155893536122
tn3k_053bfdf068,tn3k,0.5959651035986914,0.7178247734138973,0.5304157549234135,0.7482951022938623,0.7178247734138973,0.7178247734138973
tn3k_3538cd8e63,tn3k,0.6911519198664441,0.8120915032679739,0.6730769230769231,0.7854137447405329,0.8120915032679739,0.8120915032679739
tn3k_12b9b2e7b0,tn3k,0.7948197054342305,0.883129123468426,0.6023609816713265,0.8591682419659735,0.7948197054342305,0.883129123468426
tn3k_ac15c997d4,tn3k,0.7822331893892659,0.7714776632302406,0.5486189935679152,0.7560700169395822,0.7822331893892659,0.7714776632302406
tn3k_00daec2730,tn3k,0.71431722920803,0.896297470863395,0.6688501515807709,0.8477631388446504,0.8477631388446504,0.8477631388446504
tn3k_cee3119b00,tn3k,0.74913112164297,0.7101790763430725,0.6677444531162895,0.7682638272700385,0.74913112164297,0.7101790763430725
tn3k_49c7c236dd,tn3k,0.7733688833124216,0.8659624840648333,0.7693264893451548,0.8734200403004213,0.7733688833124216,0.8659624840648333
tn3k_791faec81f,tn3k,0.7362076958738989,0.8403041825095057,0.6662975267626431,0.8450479233226837,0.8403041825095057,0.8403041825095057
tn3k_d2c8216947,tn3k,0.08593200468933176,0.3491686460807601,0.6726425605185861,0.7555943039814007,0.08593200468933176,0.3491686460807601
tn3k_606e589ecf,tn3k,0.538107752956636,0.6706071496122564,0.6936179387667097,0.8390447529366081,0.6936179387667097,0.8390447529366081
tn3k_9667cba6ba,tn3k,0.5439984561945195,0.7243764409976944,0.7244387013406558,0.7688787185354691,0.5439984561945195,0.7243764409976944
tn3k_604aad6ea1,tn3k,0.21422300263388938,0.5180124223602485,0.6226384231618549,0.7655321447866018,0.21422300263388938,0.5180124223602485
tn3k_ed0acccbea,tn3k,0.6263059201714439,0.8621209267281974,0.6255518394648829,0.8586853570752037,0.8586853570752037,0.8586853570752037
tn3k_553977c522,tn3k,0.7454677889284558,0.837167536132729,0.7332367549668874,0.926592553379213,0.7332367549668874,0.926592553379213
tn3k_e2a0bb299b,tn3k,0.6091245376078915,0.7058823529411765,0.6910946196660482,0.8454332552693209,0.8454332552693209,0.8454332552693209
tn3k_e22a0835fe,tn3k,0.28741390106449594,0.4592870999030068,0.8686342959906908,0.9195172960888482,0.8686342959906908,0.9195172960888482
tn3k_dbc5b57a99,tn3k,0.322312778717515,0.5293212251808527,0.6821739130434783,0.8263507656746605,0.322312778717515,0.5293212251808527
tn3k_c0ac76817a,tn3k,0.7374517374517374,0.6896709323583181,0.7145522388059702,0.6952337305224565,0.6952337305224565,0.6952337305224565
tn3k_c6079fc26e,tn3k,0.5070634553033811,0.5325272067714631,0.6857051007286755,0.5053479149140728,0.5325272067714631,0.5325272067714631
tn3k_f066f1047a,tn3k,0.8495123915182965,0.827137904468413,0.8153783231083844,0.8654290111581378,0.8495123915182965,0.827137904468413
tn3k_fb0bfb7ba1,tn3k,0.3558811558811559,0.5640922364313765,0.6546747542355156,0.8400756143667297,0.8400756143667297,0.8400756143667297
tn3k_1ebd8193e5,tn3k,0.4167035692144186,0.5779046238410196,0.8269878616116785,0.8183430685953699,0.4167035692144186,0.5779046238410196
tn3k_0e4f3eb55d,tn3k,0.7083480098626277,0.7236495388669302,0.5452522255192879,0.7557093425605537,0.7236495388669302,0.7236495388669302
tn3k_407579313b,tn3k,0.7036786659906484,0.8734782283964448,0.7034805136291957,0.8543438077634011,0.8734782283964448,0.8734782283964448
tn3k_4be0dbda19,tn3k,0.3861788617886179,0.49882273797510934,0.3901663405088063,0.5023728813559322,0.3861788617886179,0.49882273797510934
tn3k_750d2c44a9,tn3k,0.6648792169929196,0.6720668198890072,0.691219220246238,0.7545177443936425,0.6648792169929196,0.6720668198890072
tn3k_c7f6f5dc5a,tn3k,0.2113180169286578,0.369702434625789,0.6700272166213056,0.8493696084936961,0.369702434625789,0.369702434625789
tn3k_ae0436d357,tn3k,0.6014445173998687,0.59620832425365,0.7301714468835122,0.9129406706792778,0.6014445173998687,0.59620832425365
tn3k_5ce4ec7510,tn3k,0.5407166123778502,0.8292682926829268,0.7481296758104738,0.8625,0.5407166123778502,0.8292682926829268
tn3k_a4330f21f2,tn3k,0.13168291710464317,0.28927859105106685,0.6358673259167696,0.8009796685231162,0.6358673259167696,0.8009796685231162
tn3k_35d695e619,tn3k,0.7676341400396176,0.7357469829379941,0.5225973465645561,0.6322342317690518,0.5225973465645561,0.6322342317690518
tn3k_717884e964,tn3k,0.7886299899594917,0.8915325670498084,0.6926690639136991,0.8763390340161624,0.7886299899594917,0.8915325670498084
tn3k_c7ee403f83,tn3k,0.20778041273525405,0.38851002273196944,0.6934779673223207,0.7875384790787824,0.6934779673223207,0.7875384790787824
tn3k_739bc9d6f5,tn3k,0.4564861769998364,0.6189017814778071,0.6608382154123479,0.7637870197835309,0.4564861769998364,0.6189017814778071
tn3k_af3ff464c9,tn3k,0.814503675335104,0.9065864176465114,0.7274500123426314,0.8998501418869368,0.9065864176465114,0.9065864176465114
tn3k_ae92ade071,tn3k,0.5285772192946899,0.4638455217748562,0.6796272493573264,0.7193877551020408,0.7193877551020408,0.7193877551020408
tn3k_10f48ba220,tn3k,0.5067784215559431,0.6414222120762471,0.7961949944328799,0.878239475123018,0.5067784215559431,0.6414222120762471
tn3k_4716969eff,tn3k,0.7539623444314435,0.8068166509497507,0.7526176626123744,0.7953137624562349,0.7953137624562349,0.7953137624562349
tn3k_9eb4c9e82a,tn3k,0.4101816253480048,0.7359593783659024,0.6101751645654356,0.7766621025406968,0.4101816253480048,0.7359593783659024
tn3k_28237989c5,tn3k,0.7082190389109011,0.776904948939513,0.712442396313364,0.7844453217528622,0.7844453217528622,0.7844453217528622
tn3k_3a84ed43e0,tn3k,0.6631110190555095,0.8424285860550834,0.6660489251297257,0.7763621577663323,0.6631110190555095,0.8424285860550834
tn3k_65dc4dca5a,tn3k,0.6349402554594149,0.6926210955183341,0.6186352615171459,0.7872492836676218,0.6349402554594149,0.6926210955183341
tn3k_6fb6c0c028,tn3k,0.6429834905660378,0.8092236230922363,0.6222081753055204,0.7383773928896992,0.8092236230922363,0.8092236230922363
tn3k_d4cedf333d,tn3k,0.37816139480394184,0.46876183263915183,0.7380048751889907,0.7993089445374559,0.7380048751889907,0.7993089445374559
tn3k_ec2dc65c9d,tn3k,0.5421146115733383,0.7171916010498688,0.7999323238304712,0.7255437341116656,0.5421146115733383,0.7171916010498688
tn3k_62c106ab9e,tn3k,0.11504263371483288,0.26118264186933715,0.7770717205499814,0.9181262543331509,0.7770717205499814,0.9181262543331509
tn3k_e383d892cc,tn3k,0.6570698634175101,0.8417596848325674,0.6568439664063651,0.8337897756911842,0.6568439664063651,0.8337897756911842
tn3k_b6389d414e,tn3k,0.6141732283464567,0.8125984251968504,0.6175115207373272,0.8105095541401274,0.8105095541401274,0.8105095541401274
tn3k_af9969810c,tn3k,0.6655405405405406,0.655114589155953,0.7969924812030075,0.6617396247868107,0.6617396247868107,0.6617396247868107
tn3k_af9969810c,tn3k,0.8082795067527891,0.8026016260162602,0.6774193548387096,0.8817379941195688,0.8817379941195688,0.8817379941195688
tn3k_0da4e51ea4,tn3k,0.761744966442953,0.7599729546991211,0.7556306306306306,0.7661016949152543,0.7599729546991211,0.7599729546991211
tn3k_23a6a670c5,tn3k,0.7183673469387755,0.6914498141263941,0.5145888594164456,0.6691176470588235,0.6914498141263941,0.6914498141263941
tn3k_c7e252f632,tn3k,0.6572164948453608,0.7251908396946565,0.6242990654205608,0.7318840579710145,0.7318840579710145,0.7318840579710145
tn3k_7e276061f2,tn3k,0.37296497286630487,0.460276781137878,0.6468633153302866,0.7071428571428572,0.37296497286630487,0.460276781137878
tn3k_590deedf34,tn3k,0.7707323138132538,0.7339299218553063,0.7878919860627178,0.7974333165576245,0.7707323138132538,0.7339299218553063
tn3k_4b0e949d30,tn3k,0.35294117647058826,0.5787929589270746,0.581033069144575,0.768451519536903,0.5787929589270746,0.5787929589270746
tn3k_35e6fc5a11,tn3k,0.766408170985436,0.8305915295764789,0.6371867209027686,0.804019174041298,0.766408170985436,0.8305915295764789
tn3k_296169decd,tn3k,0.08557896455985628,0.22459623149394348,0.5293582157487483,0.5345289976533691,0.5345289976533691,0.5345289976533691
tn3k_06a3d8dc62,tn3k,0.5235716515766469,0.705239179954442,0.5325500158780565,0.7041742286751361,0.705239179954442,0.705239179954442
tn3k_19a026406b,tn3k,0.6313239644970414,0.7603866958223041,0.8705373855630807,0.7909778436514271,0.6313239644970414,0.7603866958223041
tn3k_8f329a1655,tn3k,0.7712933753943217,0.8121806090304515,0.529617938391205,0.6818626604501238,0.7712933753943217,0.8121806090304515
tn3k_71a5ca06ee,tn3k,0.574047619047619,0.5813605781211064,0.3537192247249869,0.5322105263157895,0.574047619047619,0.5813605781211064
tn3k_0bf4ed2885,tn3k,0.6343506882106523,0.5599393019726859,0.6148373983739838,0.7199940582293524,0.6343506882106523,0.5599393019726859
tn3k_fa60cf7e34,tn3k,0.6069583189803651,0.7853146853146853,0.609313725490196,0.8158967391304348,0.7853146853146853,0.7853146853146853
tn3k_c4b29c81c3,tn3k,0.5650969529085873,0.6169060513303508,0.7686305111197815,0.6789572569281352,0.5650969529085873,0.6169060513303508
tn3k_2e91424732,tn3k,0.2947080291970803,0.49416990560799556,0.47724574594380686,0.6059438635112824,0.2947080291970803,0.49416990560799556
tn3k_cb94cef301,tn3k,0.5363565285379203,0.4389914452949122,0.5365377100429856,0.436281179138322,0.4389914452949122,0.4389914452949122
tn3k_c11ac56796,tn3k,0.7615812229771464,0.6120218579234973,0.7807881773399015,0.6551392891450528,0.7615812229771464,0.6120218579234973
tn3k_ac9d77257a,tn3k,0.8447376495857625,0.7724288840262582,0.659333024548402,0.7972497601535018,0.8447376495857625,0.7724288840262582
tn3k_d86e698727,tn3k,0.7058823529411765,0.8118729096989966,0.6907477820025348,0.828881469115192,0.828881469115192,0.828881469115192
tn3k_a1e4c6f7e2,tn3k,0.21544385893798135,0.505708716235032,0.5149991329980926,0.6998574144486692,0.21544385893798135,0.505708716235032
tn3k_5d04fafee6,tn3k,0.7812853907134768,0.8641992294991745,0.729894439003156,0.9286929401757867,0.729894439003156,0.9286929401757867
tn3k_c4622243ee,tn3k,0.3803240870984077,0.5849171539961013,0.818461696341526,0.9060290938832739,0.818461696341526,0.9060290938832739
tn3k_0b771d1854,tn3k,0.762929139184847,0.8463379808499916,0.7539274015642757,0.858721848250644,0.7539274015642757,0.858721848250644
tn3k_3058f724ee,tn3k,0.3946360153256705,0.6195876288659794,0.7537017726798748,0.8615739553960523,0.7537017726798748,0.8615739553960523
tn3k_2d486a7f96,tn3k,0.29074575787822615,0.45706651260200765,0.701041388518024,0.8643236341643706,0.29074575787822615,0.45706651260200765
tn3k_00fcf093a4,tn3k,0.8502573701450632,0.9351851851851852,0.7278390886436454,0.8865147198480532,0.8502573701450632,0.9351851851851852
tn3k_ad2c151812,tn3k,0.7171948814383342,0.881301889062688,0.7263563730955035,0.8917876171229102,0.8917876171229102,0.8917876171229102
tn3k_6597c33f5c,tn3k,0.7063789868667918,0.8405280057081698,0.6262540795358394,0.8655154369440083,0.7063789868667918,0.8405280057081698
tn3k_e5b4ab155f,tn3k,0.772168923159688,0.8491987039145285,0.6860781322544273,0.8372732743058541,0.772168923159688,0.8491987039145285
tn3k_2faa8d2572,tn3k,0.8743932038834952,0.8878904393657926,0.7107886955923812,0.9141303863464195,0.8743932038834952,0.8878904393657926
tn3k_5171952d76,tn3k,0.051544540229885055,0.1786145648312611,0.4330647376613863,0.5255291960664481,0.4330647376613863,0.5255291960664481
tn3k_244b4caecd,tn3k,0.6546052631578947,0.6308008213552362,0.6580345285524568,0.607292539815591,0.607292539815591,0.607292539815591
tn3k_808a8c04b4,tn3k,0.7069271758436945,0.7587155963302752,0.7709815078236131,0.7195571955719557,0.7195571955719557,0.7195571955719557
tn3k_255c51cbfa,tn3k,0.59068255687974,0.7565405405405405,0.780083742945567,0.7032062391681109,0.59068255687974,0.7565405405405405
tn3k_baa30cfc65,tn3k,0.7950507614213198,0.8405336721728082,0.7630208333333334,0.7214501510574018,0.8405336721728082,0.8405336721728082
tn3k_e3b71af23d,tn3k,0.45803432137285494,0.6406675749318801,0.7144017325392529,0.7504148689014272,0.45803432137285494,0.6406675749318801
tn3k_17a376ef7a,tn3k,0.7620619794402341,0.8106178205526234,0.7343870200713336,0.8119780481985206,0.8119780481985206,0.8119780481985206
tn3k_3b73966134,tn3k,0.5239234449760766,0.7347670250896058,0.5418392709196355,0.726932668329177,0.726932668329177,0.726932668329177
tn3k_9d5c35580d,tn3k,0.4281272422865343,0.6839647812166488,0.6529239766081871,0.7691275167785235,0.4281272422865343,0.6839647812166488
tn3k_66d130eff3,tn3k,0.7406737367436057,0.826044703595724,0.6265907568653717,0.8273497095667997,0.7406737367436057,0.826044703595724
tn3k_66d130eff3,tn3k,0.6649642492339122,0.8233333333333334,0.5343203230148048,0.8530066815144766,0.8530066815144766,0.8530066815144766
tn3k_517fb8dd10,tn3k,0.5789686825053996,0.7985778750170929,0.7416813517155593,0.847803070407623,0.5789686825053996,0.7985778750170929
tn3k_2d1c388312,tn3k,0.307920059215396,0.5021758050478677,0.7043253712072305,0.7931034482758621,0.5021758050478677,0.5021758050478677
tn3k_2d2b5a5360,tn3k,0.6060924369747899,0.7302423603793466,0.5340136054421769,0.6815101645692159,0.7302423603793466,0.7302423603793466
tn3k_91888c0ca2,tn3k,0.7115135834411385,0.7893401015228426,0.6447841726618705,0.7597633136094675,0.7597633136094675,0.7597633136094675
tn3k_4d219a66dc,tn3k,0.7269752220663862,0.8544287548138639,0.7354294478527608,0.8768647281921618,0.7354294478527608,0.8768647281921618
tn3k_2147053287,tn3k,0.6465871710526315,0.5369649805447471,0.6464494820597508,0.7993494612726164,0.6465871710526315,0.5369649805447471
tn3k_06b83e3ad9,tn3k,0.5919540229885057,0.8466386554621849,0.6130952380952381,0.8326530612244898,0.8326530612244898,0.8326530612244898
tn3k_aa6051fafc,tn3k,0.8120662039508809,0.8372602739726027,0.7371718377088305,0.8002812939521801,0.7371718377088305,0.8002812939521801
tn3k_022b174b12,tn3k,0.4379395945386843,0.6526230269266481,0.7003502178183992,0.8104816180578835,0.4379395945386843,0.6526230269266481
tn3k_0bb62bcc82,tn3k,0.6013309134906231,0.8589157413455258,0.7086383601756955,0.8868778280542986,0.8868778280542986,0.8868778280542986
tn3k_4c7ff2a789,tn3k,0.7313296903460837,0.8861330326944757,0.7118794326241135,0.8789237668161435,0.8861330326944757,0.8861330326944757
tn3k_96e2023c6f,tn3k,0.5790774299835255,0.6931818181818182,0.8034433285509326,0.7768924302788844,0.5790774299835255,0.6931818181818182
tn3k_777ac21d90,tn3k,0.3908888180949347,0.6228988265144307,0.7115516062884484,0.6627463445645264,0.7115516062884484,0.6627463445645264
tn3k_5696e50027,tn3k,0.640117994100295,0.780638516992791,0.7006802721088435,0.8498062015503876,0.780638516992791,0.780638516992791
tn3k_c348f31a7c,tn3k,0.7841299593876914,0.8538230884557722,0.7675840978593272,0.8728845430613013,0.8728845430613013,0.8728845430613013
tn3k_c348f31a7c,tn3k,0.8996980878899699,0.9526982011992006,0.7631853785900783,0.9314703925482368,0.9314703925482368,0.9314703925482368
tn3k_5c10a50bcc,tn3k,0.3452847805788982,0.45791386574893056,0.815812617260788,0.7798247584812402,0.3452847805788982,0.45791386574893056
tn3k_0a5da3998e,tn3k,0.8600700711328166,0.9114984914515588,0.773424040288024,0.9203189472510316,0.8600700711328166,0.9114984914515588
tn3k_120764bb3d,tn3k,0.4440699935191186,0.5194053414024471,0.7572883386581469,0.8034854987644687,0.4440699935191186,0.5194053414024471
tn3k_726b72c489,tn3k,0.6319343945972021,0.7827681026581118,0.7503782148260212,0.7380506091846298,0.6319343945972021,0.7827681026581118
tn3k_df845d2565,tn3k,0.40988372093023256,0.5722070844686649,0.6268364348677767,0.7934336525307798,0.40988372093023256,0.5722070844686649
tn3k_e70e3dbb4b,tn3k,0.37322001717824693,0.5200410597321341,0.7946725860155383,0.8529727095516569,0.7946725860155383,0.8529727095516569
tn3k_a7c4e64d87,tn3k,0.6959606986899564,0.7384026781444285,0.6105713175281772,0.7243816254416962,0.7243816254416962,0.7243816254416962
tn3k_cff6e24402,tn3k,0.6778656126482213,0.8555408970976254,0.6645445641527914,0.8568601583113457,0.8568601583113457,0.8568601583113457
tn3k_cff6e24402,tn3k,0.7018460854092526,0.8603329506314581,0.756834661982615,0.8776821696982899,0.8776821696982899,0.8776821696982899
tn3k_419443b4aa,tn3k,0.6916003293988471,0.7939661515820456,0.6708874577011243,0.8396373423997734,0.6916003293988471,0.7939661515820456
tn3k_a48f5a3bd5,tn3k,0.5751748251748252,0.7231520223152023,0.5391611925214755,0.6812080536912751,0.6812080536912751,0.6812080536912751
tn3k_7e1390b927,tn3k,0.8169984686064319,0.8862161130202367,0.5383586083853702,0.7630019749835418,0.8169984686064319,0.8862161130202367
